"","Industry","Name","IUCN.system","EPBC.status","Seabird","IUCN.system2"
"1","Greater Gippsland","Gallinago Stenura","Terrestrial/Freshwater","Listed","Not seabird","Mixed"
"2","Greater Gippsland","Gallinago Megala","Terrestrial/Freshwater","Listed","Not seabird","Mixed"
"3","Greater Gippsland","Gallinago Hardwickii","Terrestrial/Freshwater","Listed","Not seabird","Mixed"
"4","Greater Gippsland","Plegadis Falcinellus","Terrestrial/Freshwater/Marine","Listed","Seabird","Mixed"
"5","Greater Gippsland","Pandion Haliaetus Cristatus","Terrestrial/Freshwater/Marine","Listed","Seabird","Mixed"
"6","Greater Gippsland","Apus Pacificus","Terrestrial","Listed","Not seabird","Terrestrial"
"7","Greater Gippsland","Pandion Haliaetus","Terrestrial/Freshwater/Marine","Listed","Seabird","Mixed"
"8","Greater Gippsland","Ardenna Grisea","Terrestrial/Marine","Listed","Seabird","Mixed"
"9","Greater Gippsland","Ardenna Tenuirostris","Terrestrial/Marine","Listed","Seabird","Mixed"
"10","Greater Gippsland","Ardenna Carneipes","Marine","Listed","Seabird","Marine"
"11","Greater Gippsland","Sterna Hirundo","Terrestrial/Freshwater/Marine","Listed","Seabird","Mixed"
"12","Greater Gippsland","Diomedea Sanfordi","Terrestrial/Marine","Vulnerable","Seabird","Mixed"
"13","Greater Gippsland","Diomedea Antipodensis","Terrestrial/Marine","Vulnerable","Seabird","Mixed"
"14","Greater Gippsland","Thalassarche Salvini","Terrestrial/Marine","Vulnerable","Seabird","Mixed"
"15","Greater Gippsland","Thalassarche Steadi","Terrestrial/Marine","Vulnerable","Seabird","Mixed"
"16","Greater Gippsland","Thalassarche Impavida","Terrestrial/Marine","Vulnerable","Seabird","Mixed"
"17","Greater Gippsland","Philomachus Pugnax","Terrestrial/Freshwater/Marine","Listed","Seabird","Mixed"
"18","Greater Gippsland","Chlidonias Leucopterus","Terrestrial/Freshwater/Marine","Listed","Seabird","Mixed"
"19","Greater Gippsland","Thalasseus Bergii","Terrestrial/Marine","Listed","Seabird","Mixed"
"20","Greater Gippsland","Charadrius Bicinctus","Terrestrial/Freshwater/Marine","Listed","Seabird","Mixed"
"21","Greater Gippsland","Charadrius Veredus","Terrestrial/Freshwater/Marine","Listed","Seabird","Mixed"
"22","Greater Gippsland","Numenius Minutus","Terrestrial/Freshwater","Listed","Not seabird","Mixed"
"23","Greater Gippsland","Calidris Ruficollis","Terrestrial/Marine","Listed","Seabird","Mixed"
"24","Greater Gippsland","Calidris Acuminata","Terrestrial/Freshwater/Marine","Listed","Seabird","Mixed"
"25","Greater Gippsland","Calidris Alba","Terrestrial/Freshwater/Marine","Listed","Seabird","Mixed"
"26","Greater Gippsland","Calidris Melanotos","Terrestrial/Freshwater/Marine","Listed","Seabird","Mixed"
"27","Greater Gippsland","Motacilla Flava","Terrestrial/Freshwater","Listed","Not seabird","Mixed"
"28","Greater Gippsland","Rhipidura Rufifrons","Terrestrial","Listed","Not seabird","Terrestrial"
"29","Greater Gippsland","Myiagra Cyanoleuca","Terrestrial","Listed","Not seabird","Terrestrial"
"30","Greater Gippsland","Monarcha Melanopsis","Terrestrial","Listed","Not seabird","Terrestrial"
"31","Greater Gippsland","Arctocephalus Forsteri","Marine","Listed","Not seabird","Marine"
"32","Greater Gippsland","Balaenoptera Borealis","Marine","Vulnerable","Not seabird","Marine"
"33","Greater Gippsland","Balaenoptera Musculus","Marine","Endangered","Not seabird","Marine"
"34","Greater Gippsland","Balaenoptera Physalus","Marine","Vulnerable","Not seabird","Marine"
"35","Greater Gippsland","Caperea Marginata","Marine","Listed","Not seabird","Marine"
"36","Greater Gippsland","Eubalaena Australis","Marine","Endangered","Not seabird","Marine"
"37","Greater Gippsland","Megaptera Novaeangliae","Marine","Listed","Not seabird","Marine"
"38","Greater Gippsland","Orcinus Orca","Marine","Listed","Not seabird","Marine"
"39","Greater Gippsland","Lagenorhynchus Obscurus","Marine","Listed","Not seabird","Marine"
"40","Greater Gippsland","Caretta Caretta","Terrestrial/Marine","Endangered","Not seabird","Mixed"
"41","Greater Gippsland","Chelonia Mydas","Terrestrial/Marine","Vulnerable","Not seabird","Mixed"
"42","Greater Gippsland","Dermochelys Coriacea","Terrestrial/Marine","Endangered","Not seabird","Mixed"
"43","Greater Gippsland","Isurus Oxyrinchus","Marine","Listed","Not seabird","Marine"
"44","Greater Gippsland","Prototroctes Maraena","Freshwater/Marine","Vulnerable","Not seabird","Mixed"
"45","Greater Gippsland","Carcharodon Carcharias","Marine","Vulnerable","Not seabird","Marine"
"46","Greater Gippsland","Lamna Nasus","Marine","Listed","Not seabird","Marine"
"47","Greater Gippsland","Galaxiella Pusilla","Freshwater","Endangered","Not seabird","Freshwater"
"48","Greater Gippsland","Galeorhinus Galeus","Marine","Conservation Dependent","Not seabird","Marine"
"49","Greater Gippsland","Rhincodon Typus","Marine","Vulnerable","Not seabird","Marine"
"50","Greater Gippsland","Seriolella Brama","Marine","Conservation Dependent","Not seabird","Marine"
"51","Greater Gippsland","Thunnus Maccoyii","Marine","Conservation Dependent","Not seabird","Marine"
"52","Greater Gippsland","Pachyptila Turtur Subantarctica","Terrestrial/Marine","Vulnerable","Seabird","Mixed"
"53","Greater Gippsland","Pterodroma Leucoptera Leucoptera","Terrestrial/Marine","Endangered","Seabird","Mixed"
"54","Greater Gippsland","Halobaena Caerulea","Terrestrial/Marine","Vulnerable","Seabird","Mixed"
"55","Greater Gippsland","Diomedea Exulans","Terrestrial/Marine","Vulnerable","Seabird","Mixed"
"56","Greater Gippsland","Thalassarche Melanophris","Terrestrial/Marine","Vulnerable","Seabird","Mixed"
"57","Greater Gippsland","Thalassarche Carteri","Terrestrial/Marine","Vulnerable","Seabird","Mixed"
"58","Greater Gippsland","Thalassarche Chrysostoma","Terrestrial/Marine","Endangered","Seabird","Mixed"
"59","Greater Gippsland","Thalassarche Cauta","Terrestrial/Marine","Endangered","Seabird","Mixed"
"60","Greater Gippsland","Phoebetria Fusca","Terrestrial/Marine","Vulnerable","Seabird","Mixed"
"61","Greater Gippsland","Macronectes Giganteus","Terrestrial/Marine","Endangered","Seabird","Mixed"
"62","Greater Gippsland","Thalassarche Bulleri","Terrestrial/Marine","Vulnerable","Seabird","Mixed"
"63","Greater Gippsland","Macronectes Halli","Terrestrial/Marine","Vulnerable","Seabird","Mixed"
"64","Greater Gippsland","Diomedea Epomophora","Terrestrial/Marine","Vulnerable","Seabird","Mixed"
"65","Greater Gippsland","Phoebetria Palpebrata","Terrestrial/Marine","Listed","Seabird","Mixed"
"66","Greater Gippsland","Petauroides Volans","Terrestrial","Endangered","Not seabird","Terrestrial"
"67","Greater Gippsland","Pseudomys Novaehollandiae","Terrestrial","Vulnerable","Not seabird","Terrestrial"
"68","Greater Gippsland","Isoodon Obesulus Obesulus","Terrestrial","Endangered","Not seabird","Terrestrial"
"69","Greater Gippsland","Pteropus Poliocephalus","Terrestrial","Vulnerable","Not seabird","Terrestrial"
"70","Greater Gippsland","Litoria Aurea","Terrestrial/Freshwater","Vulnerable","Not seabird","Mixed"
"71","Greater Gippsland","Litoria Raniformis","Terrestrial/Freshwater","Vulnerable","Not seabird","Mixed"
"72","Greater Gippsland","Macquaria Australasica","Freshwater","Endangered","Not seabird","Freshwater"
"73","Greater Gippsland","Lissolepis Coventryi","Terrestrial/Freshwater","Endangered","Not seabird","Mixed"
"74","Greater Gippsland","Uperoleia Martini","Terrestrial/Freshwater","Endangered","Not seabird","Mixed"
"75","Greater Gippsland","Callocephalon Fimbriatum","Terrestrial","Endangered","Not seabird","Terrestrial"
"76","Greater Gippsland","Neophema Chrysogaster","Terrestrial/Freshwater","Critically Endangered","Not seabird","Mixed"
"77","Greater Gippsland","Lathamus Discolor","Terrestrial","Critically Endangered","Not seabird","Terrestrial"
"78","Greater Gippsland","Hirundapus Caudacutus","Terrestrial","Vulnerable","Not seabird","Terrestrial"
"79","Greater Gippsland","Pycnoptilus Floccosus","Terrestrial","Vulnerable","Not seabird","Terrestrial"
"80","Greater Gippsland","Grantiella Picta","Terrestrial","Vulnerable","Not seabird","Terrestrial"
"81","Greater Gippsland","Haliaeetus Leucogaster","Terrestrial/Freshwater/Marine","Listed","Seabird","Mixed"
"82","Greater Gippsland","Stagonopleura Guttata","Terrestrial","Vulnerable","Not seabird","Terrestrial"
"83","Greater Gippsland","Rostratula Australis","Terrestrial/Freshwater/Marine","Endangered","Seabird","Mixed"
"84","Greater Gippsland","Botaurus Poiciloptilus","Freshwater/Marine","Endangered","Seabird","Mixed"
"85","Greater Gippsland","Sternula Nereis Nereis","Terrestrial/Marine","Vulnerable","Seabird","Mixed"
"86","Greater Gippsland","Limosa Lapponica Baueri","Terrestrial/Freshwater","Vulnerable","Not seabird","Mixed"
"87","Greater Gippsland","Thinornis Cucullatus","Freshwater/Marine","Listed","Seabird","Mixed"
"88","Greater Gippsland","Charadrius Mongolus","Terrestrial/Freshwater/Marine","Endangered","Seabird","Mixed"
"89","Greater Gippsland","Charadrius Leschenaultii","Terrestrial/Freshwater/Marine","Vulnerable","Seabird","Mixed"
"90","Greater Gippsland","Numenius Madagascariensis","Terrestrial/Freshwater/Marine","Critically Endangered","Seabird","Mixed"
"91","Greater Gippsland","Calidris Ferruginea","Terrestrial/Freshwater/Marine","Critically Endangered","Seabird","Mixed"
"92","Greater Gippsland","Calidris Canutus","Terrestrial/Freshwater/Marine","Endangered","Seabird","Mixed"
"93","Greater Gippsland","Calidris Tenuirostris","Terrestrial/Marine","Critically Endangered","Seabird","Mixed"
"94","Greater Gippsland","Egretta Garzetta","Terrestrial/Freshwater","Listed","Not seabird","Mixed"
"95","Greater Gippsland","Anseranas Semipalmata","Terrestrial/Freshwater","Listed","Not seabird","Mixed"
"96","Greater Gippsland","Biziura Lobata","Terrestrial/Freshwater","Listed","Not seabird","Mixed"
"97","Greater Gippsland","Hydroprogne Caspia","Terrestrial/Freshwater/Marine","Listed","Seabird","Mixed"
"98","Greater Gippsland","Sternula Albifrons","Terrestrial/Freshwater/Marine","Listed","Seabird","Mixed"
"99","Greater Gippsland","Arenaria Interpres","Terrestrial/Freshwater/Marine","Listed","Seabird","Mixed"
"100","Greater Gippsland","Pluvialis Squatarola","Terrestrial/Freshwater/Marine","Listed","Seabird","Mixed"
"101","Greater Gippsland","Pluvialis Fulva","Terrestrial/Freshwater/Marine","Listed","Seabird","Mixed"
"102","Greater Gippsland","Numenius Phaeopus","Terrestrial/Freshwater/Marine","Listed","Seabird","Mixed"
"103","Greater Gippsland","Tringa Glareola","Terrestrial/Freshwater","Listed","Not seabird","Mixed"
"104","Greater Gippsland","Tringa Brevipes","Terrestrial/Freshwater/Marine","Listed","Seabird","Mixed"
"105","Greater Gippsland","Actitis Hypoleucos","Terrestrial/Freshwater/Marine","Listed","Seabird","Mixed"
"106","Greater Gippsland","Tringa Nebularia","Terrestrial/Freshwater/Marine","Listed","Seabird","Mixed"
"107","Greater Gippsland","Tringa Stagnatilis","Terrestrial/Freshwater/Marine","Listed","Seabird","Mixed"
"108","Greater Gippsland","Xenus Cinereus","Terrestrial/Freshwater/Marine","Listed","Seabird","Mixed"
"109","Greater Gippsland","Limosa Limosa","Terrestrial/Freshwater","Listed","Not seabird","Mixed"
"110","Greater Gippsland","Amphibromus Fluitans","Freshwater","Vulnerable","Not seabird","Freshwater"
"111","Greater Gippsland","Caladenia Orientalis","Terrestrial","Endangered","Not seabird","Terrestrial"
"112","Greater Gippsland","Caladenia Tessellata","Terrestrial","Vulnerable","Not seabird","Terrestrial"
"113","Greater Gippsland","Commersonia Prostrata","Terrestrial","Endangered","Not seabird","Terrestrial"
"114","Greater Gippsland","Dianella Amoena","Terrestrial","Endangered","Not seabird","Terrestrial"
"115","Greater Gippsland","Dodonaea Procumbens","Terrestrial","Vulnerable","Not seabird","Terrestrial"
"116","Greater Gippsland","Eucalyptus Strzeleckii","Terrestrial","Vulnerable","Not seabird","Terrestrial"
"117","Greater Gippsland","Prasophyllum Frenchii","Terrestrial","Endangered","Not seabird","Terrestrial"
"118","Greater Gippsland","Prasophyllum Spicatum","Terrestrial","Vulnerable","Not seabird","Terrestrial"
"119","Greater Gippsland","Prostanthera Galbraithiae","Terrestrial","Vulnerable","Not seabird","Terrestrial"
"120","Greater Gippsland","Pterostylis Chlorogramma","Terrestrial","Vulnerable","Not seabird","Terrestrial"
"121","Greater Gippsland","Senecio Psilocarpus","Terrestrial","Vulnerable","Not seabird","Terrestrial"
"122","Greater Gippsland","Thelymitra Epipactoides","Terrestrial","Endangered","Not seabird","Terrestrial"
"123","Greater Gippsland","Thelymitra Matthewsii","Terrestrial","Vulnerable","Not seabird","Terrestrial"
"124","Greater Gippsland","Xerochrysum Palustre","Terrestrial","Vulnerable","Not seabird","Terrestrial"
"125","Southern Winds","Amphibromus Fluitans","Freshwater","Vulnerable","Not seabird","Freshwater"
"126","Southern Winds","Caladenia Calcicola","Terrestrial","Vulnerable","Not seabird","Terrestrial"
"127","Southern Winds","Caladenia Colorata","Terrestrial","Endangered","Not seabird","Terrestrial"
"128","Southern Winds","Caladenia Hastata","Terrestrial","Endangered","Not seabird","Terrestrial"
"129","Southern Winds","Caladenia Ornata","Terrestrial","Vulnerable","Not seabird","Terrestrial"
"130","Southern Winds","Cassinia Rugata","Terrestrial","Vulnerable","Not seabird","Terrestrial"
"131","Southern Winds","Glycine Latrobeana","Terrestrial","Vulnerable","Not seabird","Terrestrial"
"132","Southern Winds","Ixodia Achillaeoides Subsp. Arenicola","Terrestrial","Vulnerable","Not seabird","Terrestrial"
"133","Southern Winds","Prasophyllum Frenchii","Terrestrial","Endangered","Not seabird","Terrestrial"
"134","Southern Winds","Prasophyllum Spicatum","Terrestrial","Vulnerable","Not seabird","Terrestrial"
"135","Southern Winds","Pterostylis Chlorogramma","Terrestrial","Vulnerable","Not seabird","Terrestrial"
"136","Southern Winds","Pterostylis Cucullata Subsp. Cucullata","Terrestrial","Vulnerable","Not seabird","Terrestrial"
"137","Southern Winds","Pterostylis Tenuissima","Terrestrial","Vulnerable","Not seabird","Terrestrial"
"138","Southern Winds","Senecio Psilocarpus","Terrestrial","Vulnerable","Not seabird","Terrestrial"
"139","Southern Winds","Taraxacum Cygnorum","Terrestrial","Vulnerable","Not seabird","Terrestrial"
"140","Southern Winds","Thelymitra Epipactoides","Terrestrial","Endangered","Not seabird","Terrestrial"
"141","Southern Winds","Xerochrysum Palustre","Terrestrial","Vulnerable","Not seabird","Terrestrial"
"142","Southern Winds","Prasophyllum Litorale","Terrestrial","Critically Endangered","Not seabird","Terrestrial"
"143","Southern Winds","Calyptorhynchus Banksii Graptogyne","Terrestrial","Endangered","Not seabird","Terrestrial"
"144","Southern Winds","Callocephalon Fimbriatum","Terrestrial","Endangered","Not seabird","Terrestrial"
"145","Southern Winds","Neophema Chrysogaster","Terrestrial/Freshwater","Critically Endangered","Not seabird","Mixed"
"146","Southern Winds","Lathamus Discolor","Terrestrial","Critically Endangered","Not seabird","Terrestrial"
"147","Southern Winds","Hirundapus Caudacutus","Terrestrial","Vulnerable","Not seabird","Terrestrial"
"148","Southern Winds","Haliaeetus Leucogaster","Terrestrial/Freshwater/Marine","Listed","Seabird","Mixed"
"149","Southern Winds","Stagonopleura Guttata","Terrestrial","Vulnerable","Not seabird","Terrestrial"
"150","Southern Winds","Rostratula Australis","Terrestrial/Freshwater/Marine","Endangered","Seabird","Mixed"
"151","Southern Winds","Botaurus Poiciloptilus","Freshwater/Marine","Endangered","Seabird","Mixed"
"152","Southern Winds","Sternula Nereis Nereis","Terrestrial/Marine","Vulnerable","Seabird","Mixed"
"153","Southern Winds","Limosa Lapponica Baueri","Terrestrial/Freshwater","Vulnerable","Not seabird","Mixed"
"154","Southern Winds","Thinornis Cucullatus","Freshwater/Marine","Listed","Seabird","Mixed"
"155","Southern Winds","Numenius Madagascariensis","Terrestrial/Freshwater/Marine","Critically Endangered","Seabird","Mixed"
"156","Southern Winds","Calidris Ferruginea","Terrestrial/Freshwater/Marine","Critically Endangered","Seabird","Mixed"
"157","Southern Winds","Calidris Canutus","Terrestrial/Freshwater/Marine","Endangered","Seabird","Mixed"
"158","Southern Winds","Calidris Tenuirostris","Terrestrial/Marine","Critically Endangered","Seabird","Mixed"
"159","Southern Winds","Egretta Garzetta","Terrestrial/Freshwater","Listed","Not seabird","Mixed"
"160","Southern Winds","Anseranas Semipalmata","Terrestrial/Freshwater","Listed","Not seabird","Mixed"
"161","Southern Winds","Biziura Lobata","Terrestrial/Freshwater","Listed","Not seabird","Mixed"
"162","Southern Winds","Hydroprogne Caspia","Terrestrial/Freshwater/Marine","Listed","Seabird","Mixed"
"163","Southern Winds","Sternula Albifrons","Terrestrial/Freshwater/Marine","Listed","Seabird","Mixed"
"164","Southern Winds","Arenaria Interpres","Terrestrial/Freshwater/Marine","Listed","Seabird","Mixed"
"165","Southern Winds","Pluvialis Squatarola","Terrestrial/Freshwater/Marine","Listed","Seabird","Mixed"
"166","Southern Winds","Pluvialis Fulva","Terrestrial/Freshwater/Marine","Listed","Seabird","Mixed"
"167","Southern Winds","Numenius Phaeopus","Terrestrial/Freshwater/Marine","Listed","Seabird","Mixed"
"168","Southern Winds","Tringa Glareola","Terrestrial/Freshwater","Listed","Not seabird","Mixed"
"169","Southern Winds","Tringa Brevipes","Terrestrial/Freshwater/Marine","Listed","Seabird","Mixed"
"170","Southern Winds","Actitis Hypoleucos","Terrestrial/Freshwater/Marine","Listed","Seabird","Mixed"
"171","Southern Winds","Tringa Nebularia","Terrestrial/Freshwater/Marine","Listed","Seabird","Mixed"
"172","Southern Winds","Tringa Stagnatilis","Terrestrial/Freshwater/Marine","Listed","Seabird","Mixed"
"173","Southern Winds","Xenus Cinereus","Terrestrial/Freshwater/Marine","Listed","Seabird","Mixed"
"174","Southern Winds","Limosa Limosa","Terrestrial/Freshwater","Listed","Not seabird","Mixed"
"175","Southern Winds","Dasyurus Maculatus Maculatus (Se Mainland Population)","Terrestrial","Endangered","Not seabird","Terrestrial"
"176","Southern Winds","Antechinus Minimus Maritimus","Terrestrial","Vulnerable","Not seabird","Terrestrial"
"177","Southern Winds","Potorous Tridactylus Trisulcatus","Terrestrial","Vulnerable","Not seabird","Terrestrial"
"178","Southern Winds","Pseudomys Shortridgei","Terrestrial","Endangered","Not seabird","Terrestrial"
"179","Southern Winds","Isoodon Obesulus Obesulus","Terrestrial","Endangered","Not seabird","Terrestrial"
"180","Southern Winds","Pteropus Poliocephalus","Terrestrial","Vulnerable","Not seabird","Terrestrial"
"181","Southern Winds","Miniopterus Orianae Bassanii","Terrestrial","Critically Endangered","Not seabird","Terrestrial"
"182","Southern Winds","Litoria Raniformis","Terrestrial/Freshwater","Vulnerable","Not seabird","Mixed"
"183","Southern Winds","Prototroctes Maraena","Freshwater/Marine","Vulnerable","Not seabird","Mixed"
"184","Southern Winds","Galaxiella Pusilla","Freshwater","Endangered","Not seabird","Freshwater"
"185","Southern Winds","Nannoperca Obscura","Freshwater","Endangered","Not seabird","Freshwater"
"186","Southern Winds","Nannoperca Variegata","Freshwater","Vulnerable","Not seabird","Freshwater"
"187","Southern Winds","Euastacus Bispinosus","Freshwater","Endangered","Not seabird","Freshwater"
"188","Southern Winds","Lissolepis Coventryi","Terrestrial/Freshwater","Endangered","Not seabird","Mixed"
"189","Southern Winds","Pachyptila Turtur Subantarctica","Terrestrial/Marine","Vulnerable","Seabird","Mixed"
"190","Southern Winds","Pterodroma Mollis","Terrestrial/Marine","Vulnerable","Seabird","Mixed"
"191","Southern Winds","Pterodroma Leucoptera","Terrestrial/Marine","Listed","Seabird","Mixed"
"192","Southern Winds","Halobaena Caerulea","Terrestrial/Marine","Vulnerable","Seabird","Mixed"
"193","Southern Winds","Diomedea Exulans","Terrestrial/Marine","Vulnerable","Seabird","Mixed"
"194","Southern Winds","Thalassarche Melanophris","Terrestrial/Marine","Vulnerable","Seabird","Mixed"
"195","Southern Winds","Thalassarche Carteri","Terrestrial/Marine","Vulnerable","Seabird","Mixed"
"196","Southern Winds","Thalassarche Chrysostoma","Terrestrial/Marine","Endangered","Seabird","Mixed"
"197","Southern Winds","Thalassarche Cauta","Terrestrial/Marine","Endangered","Seabird","Mixed"
"198","Southern Winds","Phoebetria Fusca","Terrestrial/Marine","Vulnerable","Seabird","Mixed"
"199","Southern Winds","Macronectes Giganteus","Terrestrial/Marine","Endangered","Seabird","Mixed"
"200","Southern Winds","Thalassarche Bulleri","Terrestrial/Marine","Vulnerable","Seabird","Mixed"
"201","Southern Winds","Macronectes Halli","Terrestrial/Marine","Vulnerable","Seabird","Mixed"
"202","Southern Winds","Diomedea Epomophora","Terrestrial/Marine","Vulnerable","Seabird","Mixed"
"203","Southern Winds","Thalassarche Steadi","Terrestrial/Marine","Vulnerable","Seabird","Mixed"
"204","Southern Winds","Pelagodroma Marina","Terrestrial/Marine","Listed","Seabird","Mixed"
"205","Southern Winds","Phoebetria Palpebrata","Terrestrial/Marine","Listed","Seabird","Mixed"
"206","Southern Winds","Arctocephalus Forsteri","Marine","Listed","Not seabird","Marine"
"207","Southern Winds","Arctocephalus Pusillus","Marine","Listed","Not seabird","Marine"
"208","Southern Winds","Balaenoptera Borealis","Marine","Vulnerable","Not seabird","Marine"
"209","Southern Winds","Balaenoptera Musculus","Marine","Endangered","Not seabird","Marine"
"210","Southern Winds","Balaenoptera Physalus","Marine","Vulnerable","Not seabird","Marine"
"211","Southern Winds","Caperea Marginata","Marine","Listed","Not seabird","Marine"
"212","Southern Winds","Eubalaena Australis","Marine","Endangered","Not seabird","Marine"
"213","Southern Winds","Megaptera Novaeangliae","Marine","Listed","Not seabird","Marine"
"214","Southern Winds","Orcinus Orca","Marine","Listed","Not seabird","Marine"
"215","Southern Winds","Neophoca Cinerea","Terrestrial/Marine","Endangered","Not seabird","Mixed"
"216","Southern Winds","Lagenorhynchus Obscurus","Marine","Listed","Not seabird","Marine"
"217","Southern Winds","Physeter Macrocephalus","Marine","Listed","Not seabird","Marine"
"218","Southern Winds","Caretta Caretta","Terrestrial/Marine","Endangered","Not seabird","Mixed"
"219","Southern Winds","Chelonia Mydas","Terrestrial/Marine","Vulnerable","Not seabird","Mixed"
"220","Southern Winds","Dermochelys Coriacea","Terrestrial/Marine","Endangered","Not seabird","Mixed"
"221","Southern Winds","Isurus Oxyrinchus","Marine","Listed","Not seabird","Marine"
"222","Southern Winds","Carcharodon Carcharias","Marine","Vulnerable","Not seabird","Marine"
"223","Southern Winds","Lamna Nasus","Marine","Listed","Not seabird","Marine"
"224","Southern Winds","Galeorhinus Galeus","Marine","Conservation Dependent","Not seabird","Marine"
"225","Southern Winds","Seriolella Brama","Marine","Conservation Dependent","Not seabird","Marine"
"226","Southern Winds","Thunnus Maccoyii","Marine","Conservation Dependent","Not seabird","Marine"
"227","Southern Winds","Heraldia Nocturna","Marine","Listed","Not seabird","Marine"
"228","Southern Winds","Hippocampus Abdominalis","Marine","Listed","Not seabird","Marine"
"229","Southern Winds","Hippocampus Breviceps","Marine","Listed","Not seabird","Marine"
"230","Southern Winds","Histiogamphelus Briggsii","Marine","Listed","Not seabird","Marine"
"231","Southern Winds","Histiogamphelus Cristatus","Marine","Listed","Not seabird","Marine"
"232","Southern Winds","Kaupus Costatus","Marine","Listed","Not seabird","Marine"
"233","Southern Winds","Leptoichthys Fistularius","Marine","Listed","Not seabird","Marine"
"234","Southern Winds","Lissocampus Caudalis","Marine","Listed","Not seabird","Marine"
"235","Southern Winds","Lissocampus Runa","Marine","Listed","Not seabird","Marine"
"236","Southern Winds","Maroubra Perserrata","Marine","Listed","Not seabird","Marine"
"237","Southern Winds","Mitotichthys Tuckeri","Marine","Listed","Not seabird","Marine"
"238","Southern Winds","Notiocampus Ruber","Marine","Listed","Not seabird","Marine"
"239","Southern Winds","Phycodurus Eques","Marine","Listed","Not seabird","Marine"
"240","Southern Winds","Phyllopteryx Taeniolatus","Marine","Listed","Not seabird","Marine"
"241","Southern Winds","Pugnaso Curtirostris","Marine","Listed","Not seabird","Marine"
"242","Southern Winds","Solegnathus Robustus","Marine","Listed","Not seabird","Marine"
"243","Southern Winds","Solegnathus Spinosissimus","Marine","Listed","Not seabird","Marine"
"244","Southern Winds","Stigmatopora Argus","Marine","Listed","Not seabird","Marine"
"245","Southern Winds","Stigmatopora Nigra","Marine","Listed","Not seabird","Marine"
"246","Southern Winds","Stipecampus Cristatus","Marine","Listed","Not seabird","Marine"
"247","Southern Winds","Urocampus Carinirostris","Marine","Listed","Not seabird","Marine"
"248","Southern Winds","Vanacampus Margaritifer","Marine","Listed","Not seabird","Marine"
"249","Southern Winds","Vanacampus Phillipi","Marine","Listed","Not seabird","Marine"
"250","Southern Winds","Vanacampus Poecilolaemus","Marine","Listed","Not seabird","Marine"
"251","Southern Winds","Gallinago Stenura","Terrestrial/Freshwater","Listed","Not seabird","Mixed"
"252","Southern Winds","Gallinago Megala","Terrestrial/Freshwater","Listed","Not seabird","Mixed"
"253","Southern Winds","Limicola Falcinellus","Terrestrial/Freshwater","Listed","Not seabird","Mixed"
"254","Southern Winds","Gallinago Hardwickii","Terrestrial/Freshwater","Listed","Not seabird","Mixed"
"255","Southern Winds","Plegadis Falcinellus","Terrestrial/Freshwater/Marine","Listed","Seabird","Mixed"
"256","Southern Winds","Pandion Haliaetus Cristatus","Terrestrial/Freshwater/Marine","Listed","Seabird","Mixed"
"257","Southern Winds","Apus Pacificus","Terrestrial","Listed","Not seabird","Terrestrial"
"258","Southern Winds","Pandion Haliaetus","Terrestrial/Freshwater/Marine","Listed","Seabird","Mixed"
"259","Southern Winds","Oceanites Oceanicus","Terrestrial/Marine","Listed","Seabird","Mixed"
"260","Southern Winds","Ardenna Grisea","Terrestrial/Marine","Listed","Seabird","Mixed"
"261","Southern Winds","Ardenna Tenuirostris","Terrestrial/Marine","Listed","Seabird","Mixed"
"262","Southern Winds","Ardenna Carneipes","Marine","Listed","Seabird","Marine"
"263","Southern Winds","Procellaria Cinerea","Terrestrial/Marine","Listed","Seabird","Mixed"
"264","Southern Winds","Sterna Hirundo","Terrestrial/Freshwater/Marine","Listed","Seabird","Mixed"
"265","Southern Winds","Stercorarius Parasiticus","Terrestrial/Marine","Listed","Seabird","Mixed"
"266","Southern Winds","Bulweria Bulwerii","Marine","Listed","Seabird","Marine"
"267","Southern Winds","Procellaria Aequinoctialis","Terrestrial/Marine","Listed","Seabird","Mixed"
"268","Seadragon","Diomedea Exulans","Terrestrial/Marine","Vulnerable","Seabird","Mixed"
"269","Seadragon","Diomedea Epomophora","Terrestrial/Marine","Vulnerable","Seabird","Mixed"
"270","Seadragon","Thalassarche Melanophris","Terrestrial/Marine","Vulnerable","Seabird","Mixed"
"271","Seadragon","Thalassarche Carteri","Terrestrial/Marine","Vulnerable","Seabird","Mixed"
"272","Seadragon","Diomedea Sanfordi","Terrestrial/Marine","Endangered","Seabird","Mixed"
"273","Seadragon","Diomedea Antipodensis","Terrestrial/Marine","Vulnerable","Seabird","Mixed"
"274","Seadragon","Thalassarche Eremita","Terrestrial/Marine","Endangered","Seabird","Mixed"
"275","Seadragon","Thalassarche Salvini","Terrestrial/Marine","Vulnerable","Seabird","Mixed"
"276","Seadragon","Thalassarche Chrysostoma","Terrestrial/Marine","Endangered","Seabird","Mixed"
"277","Seadragon","Thalassarche Steadi","Terrestrial/Marine","Vulnerable","Seabird","Mixed"
"278","Seadragon","Thalassarche Impavida","Terrestrial/Marine","Vulnerable","Seabird","Mixed"
"279","Seadragon","Thalassarche Cauta","Terrestrial/Marine","Endangered","Seabird","Mixed"
"280","Seadragon","Thalassarche Bulleri","Terrestrial/Marine","Vulnerable","Seabird","Mixed"
"281","Seadragon","Phoebetria Fusca","Terrestrial/Marine","Vulnerable","Seabird","Mixed"
"282","Seadragon","Thalassarche Bulleri Platei","Terrestrial/Marine","Vulnerable","Seabird","Mixed"
"283","Seadragon","Pterodroma Leucoptera Leucoptera","Terrestrial/Marine","Endangered","Seabird","Mixed"
"284","Seadragon","Halobaena Caerulea","Terrestrial/Marine","Vulnerable","Seabird","Mixed"
"285","Seadragon","Pachyptila Turtur Subantarctica","Terrestrial/Marine","Vulnerable","Seabird","Mixed"
"286","Seadragon","Fregetta Grallaria Grallaria","Terrestrial/Marine","Vulnerable","Seabird","Mixed"
"287","Seadragon","Diomedea Antipodensis Gibsoni","Terrestrial/Marine","Vulnerable","Seabird","Mixed"
"288","Seadragon","Macronectes Giganteus","Terrestrial/Marine","Endangered","Seabird","Mixed"
"289","Seadragon","Macronectes Halli","Terrestrial/Marine","Vulnerable","Seabird","Mixed"
"290","Seadragon","Phoebetria Palpebrata","Terrestrial/Marine","Listed","Seabird","Mixed"
"291","Seadragon","Rostratula Australis","Terrestrial/Freshwater/Marine","Endangered","Seabird","Mixed"
"292","Seadragon","Botaurus Poiciloptilus","Freshwater/Marine","Endangered","Seabird","Mixed"
"293","Seadragon","Falco Hypoleucos","Terrestrial/Freshwater","Vulnerable","Not seabird","Mixed"
"294","Seadragon","Limosa Lapponica Baueri","Terrestrial/Freshwater","Vulnerable","Not seabird","Mixed"
"295","Seadragon","Sternula Nereis Nereis","Terrestrial/Marine","Vulnerable","Seabird","Mixed"
"296","Seadragon","Sternula Nereis","Terrestrial/Marine","Listed","Seabird","Mixed"
"297","Seadragon","Thinornis Cucullatus","Freshwater/Marine","Listed","Seabird","Mixed"
"298","Seadragon","Charadrius Leschenaultii","Terrestrial/Freshwater/Marine","Vulnerable","Seabird","Mixed"
"299","Seadragon","Numenius Madagascariensis","Terrestrial/Freshwater/Marine","Critically Endangered","Seabird","Mixed"
"300","Seadragon","Limosa Lapponica","Terrestrial/Freshwater","Listed","","Mixed"
"301","Seadragon","Calidris Ferruginea","Terrestrial/Freshwater/Marine","Critically Endangered","Seabird","Mixed"
"302","Seadragon","Calidris Canutus","Terrestrial/Freshwater/Marine","Endangered","Seabird","Mixed"
"303","Seadragon","Calidris Tenuirostris","Terrestrial/Marine","Critically Endangered","Seabird","Mixed"
"304","Seadragon","Hydroprogne Caspia","Terrestrial/Freshwater/Marine","Listed","Seabird","Mixed"
"305","Seadragon","Sternula Albifrons","Terrestrial/Freshwater/Marine","Listed","Seabird","Mixed"
"306","Seadragon","Arenaria Interpres","Terrestrial/Freshwater/Marine","Listed","Seabird","Mixed"
"307","Seadragon","Pluvialis Squatarola","Terrestrial/Freshwater/Marine","Listed","Seabird","Mixed"
"308","Seadragon","Pluvialis Fulva","Terrestrial/Freshwater/Marine","Listed","Seabird","Mixed"
"309","Seadragon","Actitis Hypoleucos","Terrestrial/Freshwater/Marine","Listed","Seabird","Mixed"
"310","Seadragon","Tringa Nebularia","Terrestrial/Freshwater/Marine","Listed","Seabird","Mixed"
"311","Seadragon","Tringa Stagnatilis","Terrestrial/Freshwater/Marine","Listed","Seabird","Mixed"
"312","Seadragon","Egretta Garzetta","Terrestrial/Freshwater","Listed","Not seabird","Mixed"
"313","Seadragon","Anseranas Semipalmata","Terrestrial/Freshwater","Listed","Not seabird","Mixed"
"314","Seadragon","Biziura Lobata","Terrestrial/Freshwater","Listed","Not seabird","Mixed"
"315","Seadragon","Neophema Chrysogaster","Terrestrial/Freshwater","Critically Endangered","Not seabird","Mixed"
"316","Seadragon","Lathamus Discolor","Terrestrial","Critically Endangered","Not seabird","Terrestrial"
"317","Seadragon","Hirundapus Caudacutus","Terrestrial","Vulnerable","Not seabird","Terrestrial"
"318","Seadragon","Grantiella Picta","Terrestrial","Vulnerable","Not seabird","Terrestrial"
"319","Seadragon","Anthochaera Phrygia","Terrestrial","Critically Endangered","Not seabird","Terrestrial"
"320","Seadragon","Dasyurus Maculatus Maculatus (Se Mainland Population)","Terrestrial","Endangered","Not seabird","Terrestrial"
"321","Seadragon","Antechinus Minimus Maritimus","Terrestrial","Vulnerable","Not seabird","Terrestrial"
"322","Seadragon","Haliaeetus Leucogaster","Terrestrial/Freshwater/Marine","Listed","Seabird","Mixed"
"323","Seadragon","Stagonopleura Guttata","Terrestrial","Vulnerable","Not seabird","Terrestrial"
"324","Seadragon","Prototroctes Maraena","Freshwater/Marine","Vulnerable","Not seabird","Mixed"
"325","Seadragon","Galaxiella Pusilla","Freshwater","Endangered","Not seabird","Freshwater"
"326","Seadragon","Thunnus Maccoyii","Marine","Conservation Dependent","Not seabird","Marine"
"327","Seadragon","Seriolella Brama","Marine","Conservation Dependent","Not seabird","Marine"
"328","Seadragon","Petauroides Volans","Terrestrial","Endangered","Not seabird","Terrestrial"
"329","Seadragon","Potorous Tridactylus Trisulcatus","Terrestrial","Vulnerable","Not seabird","Terrestrial"
"330","Seadragon","Potorous Longipes","Terrestrial","Endangered","Not seabird","Terrestrial"
"331","Seadragon","Mastacomys Fuscus Mordicus","Terrestrial","Endangered","Not seabird","Terrestrial"
"332","Seadragon","Pseudomys Novaehollandiae","Terrestrial","Vulnerable","Not seabird","Terrestrial"
"333","Seadragon","Isoodon Obesulus Obesulus","Terrestrial","Endangered","Not seabird","Terrestrial"
"334","Seadragon","Pteropus Poliocephalus","Terrestrial","Vulnerable","Not seabird","Terrestrial"
"335","Seadragon","Litoria Aurea","Terrestrial/Freshwater","Vulnerable","Not seabird","Mixed"
"336","Seadragon","Litoria Raniformis","Terrestrial/Freshwater","Vulnerable","Not seabird","Mixed"
"337","Seadragon","Heleioporus Australiacus","Terrestrial/Freshwater","Vulnerable","Not seabird","Mixed"
"338","Seadragon","Lissolepis Coventryi","Terrestrial/Freshwater","Endangered","Not seabird","Mixed"
"339","Seadragon","Uperoleia Martini","Terrestrial/Freshwater","Endangered","Not seabird","Mixed"
"340","Seadragon","Mirounga Leonina","Terrestrial/Marine","Vulnerable","Not seabird","Mixed"
"341","Seadragon","Eubalaena Australis","Marine","Endangered","Not seabird","Marine"
"342","Seadragon","Balaenoptera Musculus","Marine","Endangered","Not seabird","Marine"
"343","Seadragon","Balaenoptera Physalus","Marine","Vulnerable","Not seabird","Marine"
"344","Seadragon","Balaenoptera Borealis","Marine","Vulnerable","Not seabird","Marine"
"345","Seadragon","Arctocephalus Forsteri","Marine","Listed","Not seabird","Marine"
"346","Seadragon","Arctocephalus Tropicalis","Marine","Endangered","Not seabird","Marine"
"347","Seadragon","Chelonia Mydas","Terrestrial/Marine","Vulnerable","Not seabird","Mixed"
"348","Seadragon","Dermochelys Coriacea","Terrestrial/Marine","Endangered","Not seabird","Mixed"
"349","Seadragon","Caretta Caretta","Terrestrial/Marine","Endangered","Not seabird","Mixed"
"350","Seadragon","Carcharodon Carcharias","Marine","Vulnerable","Not seabird","Marine"
"351","Seadragon","Rhincodon Typus","Marine","Vulnerable","Not seabird","Marine"
"352","Seadragon","Galeorhinus Galeus","Marine","Conservation Dependent","Not seabird","Marine"
"353","Seadragon","Amphibromus Fluitans","Freshwater","Vulnerable","Not seabird","Freshwater"
"354","Seadragon","Caladenia Tessellata","Terrestrial","Vulnerable","Not seabird","Terrestrial"
"355","Seadragon","Commersonia Prostrata","Terrestrial","Endangered","Not seabird","Terrestrial"
"356","Seadragon","Dianella Amoena","Terrestrial","Endangered","Not seabird","Terrestrial"
"357","Seadragon","Dodonaea Procumbens","Terrestrial","Vulnerable","Not seabird","Terrestrial"
"358","Seadragon","Eucalyptus Strzeleckii","Terrestrial","Vulnerable","Not seabird","Terrestrial"
"359","Seadragon","Glycine Latrobeana","Terrestrial","Vulnerable","Not seabird","Terrestrial"
"360","Seadragon","Lepidium Hyssopifolium","Terrestrial","Endangered","Not seabird","Terrestrial"
"361","Seadragon","Prasophyllum Frenchii","Terrestrial","Endangered","Not seabird","Terrestrial"
"362","Seadragon","Prasophyllum Spicatum","Terrestrial","Vulnerable","Not seabird","Terrestrial"
"363","Seadragon","Prostanthera Galbraithiae","Terrestrial","Vulnerable","Not seabird","Terrestrial"
"364","Seadragon","Pterostylis Chlorogramma","Terrestrial","Vulnerable","Not seabird","Terrestrial"
"365","Seadragon","Senecio Psilocarpus","Terrestrial","Vulnerable","Not seabird","Terrestrial"
"366","Seadragon","Thelymitra Epipactoides","Terrestrial","Endangered","Not seabird","Terrestrial"
"367","Seadragon","Xerochrysum Palustre","Terrestrial","Vulnerable","Not seabird","Terrestrial"
"368","Star of the South","Carcharodon Carcharias","Marine","Vulnerable","Not seabird","Marine"
"369","Star of the South","Prototroctes Maraena","Freshwater/Marine","Vulnerable","Not seabird","Mixed"
"370","Star of the South","Thunnus Maccoyii","Marine","Conservation Dependent","Not seabird","Marine"
"371","Star of the South","Megaptera Novaeangliae","Marine","Listed","Not seabird","Marine"
"372","Star of the South","Thalassarche Cauta","Terrestrial/Marine","Endangered","Seabird","Mixed"
"373","Star of the South","Thalassarche Bulleri","Terrestrial/Marine","Vulnerable","Seabird","Mixed"
"374","Star of the South","Phoebetria Fusca","Terrestrial/Marine","Vulnerable","Seabird","Mixed"
"375","Star of the South","Diomedea Epomophora","Terrestrial/Marine","Vulnerable","Seabird","Mixed"
"376","Star of the South","Diomedea Exulans","Terrestrial/Marine","Vulnerable","Seabird","Mixed"
"377","Star of the South","Thalassarche Carteri","Terrestrial/Marine","Vulnerable","Seabird","Mixed"
"378","Star of the South","Macronectes Giganteus","Terrestrial/Marine","Endangered","Seabird","Mixed"
"379","Star of the South","Macronectes Halli","Terrestrial/Marine","Vulnerable","Seabird","Mixed"
"380","Star of the South","Sternula Albifrons","Terrestrial/Freshwater/Marine","Listed","Seabird","Mixed"
"381","Star of the South","Hydroprogne Caspia","Terrestrial/Freshwater/Marine","Listed","Seabird","Mixed"
"382","Star of the South","Sternula Nereis Nereis","Terrestrial/Marine","Vulnerable","Seabird","Mixed"
"383","Star of the South","Thinornis Cucullatus Cucullatus","Freshwater/Marine","Vulnerable","Seabird","Mixed"
"384","Star of the South","Hirundapus Caudacutus","Terrestrial","Vulnerable","Not seabird","Terrestrial"
"385","Star of the South","Amphibromus Fluitans","Freshwater","Vulnerable","Not seabird","Freshwater"
"386","Star of the South","Commersonia Prostrata","Terrestrial","Endangered","Not seabird","Terrestrial"
"387","Star of the South","Dianella Amoena","Terrestrial","Endangered","Not seabird","Terrestrial"
"388","Star of the South","Dodonaea Procumbens","Terrestrial","Vulnerable","Not seabird","Terrestrial"
"389","Star of the South","Eucalyptus Strzeleckii","Terrestrial","Vulnerable","Not seabird","Terrestrial"
"390","Star of the South","Prasophyllum Frenchii","Terrestrial","Endangered","Not seabird","Terrestrial"
"391","Star of the South","Pterostylis Chlorogramma","Terrestrial","Vulnerable","Not seabird","Terrestrial"
"392","Star of the South","Thelymitra Epipactoides","Terrestrial","Endangered","Not seabird","Terrestrial"
"393","Star of the South","Thelymitra Matthewsii","Terrestrial","Vulnerable","Not seabird","Terrestrial"
"394","Star of the South","Xerochrysum Palustre","Terrestrial","Vulnerable","Not seabird","Terrestrial"
"395","Star of the South","Botaurus Poiciloptilus","Freshwater/Marine","Endangered","Seabird","Mixed"
"396","Star of the South","Porzana Pusilla","Terrestrial/Freshwater/Marine","Listed","Seabird","Mixed"
"397","Star of the South","Tringa Nebularia","Terrestrial/Freshwater/Marine","Listed","Seabird","Mixed"
"398","Star of the South","Apus Pacificus","Terrestrial","Listed","Not seabird","Terrestrial"
"399","Star of the South","Plegadis Falcinellus","Terrestrial/Freshwater/Marine","Listed","Seabird","Mixed"
"400","Star of the South","Gelochelidon Nilotica","Terrestrial/Freshwater/Marine","Listed","Seabird","Mixed"
"401","Star of the South","Ardea Intermedia","Terrestrial/Freshwater/Marine","Listed","Seabird","Mixed"
"402","Star of the South","Gallinago Hardwickii","Terrestrial/Freshwater","Listed","Not seabird","Mixed"
"403","Star of the South","Egretta Garzetta","Terrestrial/Freshwater","Listed","Not seabird","Mixed"
"404","Star of the South","Tringa Stagnatilis","Terrestrial/Freshwater/Marine","Listed","Seabird","Mixed"
"405","Star of the South","Biziura Lobata","Terrestrial/Freshwater","Listed","Not seabird","Mixed"
"406","Star of the South","Calidris Ruficollis","Terrestrial/Marine","Listed","Seabird","Mixed"
"407","Star of the South","Rhipidura Rufifrons","Terrestrial","Listed","Not seabird","Terrestrial"
"408","Star of the South","Myiagra Cyanoleuca","Terrestrial","Listed","Not seabird","Terrestrial"
"409","Star of the South","Calidris Acuminata","Terrestrial/Freshwater/Marine","Listed","Seabird","Mixed"
"410","Star of the South","Lathamus Discolor","Terrestrial","Critically Endangered","Not seabird","Terrestrial"
"411","Star of the South","Haliaeetus Leucogaster","Terrestrial/Freshwater/Marine","Listed","Seabird","Mixed"
"412","Star of the South","Mastacomys Fuscus Mordicus","Terrestrial","Endangered","Not seabird","Terrestrial"
"413","Star of the South","Miniopterus Orianae Bassanii","Terrestrial","Critically Endangered","Not seabird","Terrestrial"
"414","Star of the South","Pteropus Poliocephalus","Terrestrial","Vulnerable","Not seabird","Terrestrial"
"415","Star of the South","Pseudomys Novaehollandiae","Terrestrial","Vulnerable","Not seabird","Terrestrial"
"416","Star of the South","Isoodon Obesulus Obesulus","Terrestrial","Endangered","Not seabird","Terrestrial"
"417","Star of the South","Petauroides Volans","Terrestrial","Endangered","Not seabird","Terrestrial"
"418","Star of the South","Antechinus Minimus Maritimus","Terrestrial","Vulnerable","Not seabird","Terrestrial"
"419","Star of the South","Lissolepis Coventryi","Terrestrial/Freshwater","Endangered","Not seabird","Mixed"
"420","Star of the South","Litoria Raniformis","Terrestrial/Freshwater","Vulnerable","Not seabird","Mixed"
"421","Star of the South","Uperoleia Martini","Terrestrial/Freshwater","Endangered","Not seabird","Mixed"
"422","Star of the South","Galaxiella Pusilla","Freshwater","Endangered","Not seabird","Freshwater"
"423","Star of the South","Argyrotegium Nitidulum","Terrestrial","Vulnerable","Not seabird","Terrestrial"
"424","Star of the South","Caladenia Orientalis","Terrestrial","Endangered","Not seabird","Terrestrial"
"425","Star of the South","Caladenia Tessellata","Terrestrial","Vulnerable","Not seabird","Terrestrial"
"426","Star of the South","Eucalyptus Alligatrix Subsp. Limaensis","Terrestrial","Endangered","Not seabird","Terrestrial"
"427","Star of the South","Glycine Latrobeana","Terrestrial","Vulnerable","Not seabird","Terrestrial"
"428","Star of the South","Grevillea Celata","Terrestrial","Vulnerable","Not seabird","Terrestrial"
"429","Star of the South","Grevillea Infecunda","Terrestrial","Vulnerable","Not seabird","Terrestrial"
"430","Star of the South","Hibbertia Humifusa Subsp. Debilis","Terrestrial","Vulnerable","Not seabird","Terrestrial"
"431","Star of the South","Leucochrysum Albicans Subsp. Tricolor","Terrestrial","Endangered","Not seabird","Terrestrial"
"432","Star of the South","Pimelea Spinescens Subsp. Pubiflora","Terrestrial","Critically Endangered","Not seabird","Terrestrial"
"433","Star of the South","Pimelea Spinescens Subsp. Spinescens","Terrestrial","Critically Endangered","Not seabird","Terrestrial"
"434","Star of the South","Prasophyllum Litorale","Terrestrial","Critically Endangered","Not seabird","Terrestrial"
"435","Star of the South","Prasophyllum Spicatum","Terrestrial","Vulnerable","Not seabird","Terrestrial"
"436","Star of the South","Prostanthera Galbraithiae","Terrestrial","Vulnerable","Not seabird","Terrestrial"
"437","Star of the South","Pterostylis Cucullata","Terrestrial","Vulnerable","Not seabird","Terrestrial"
"438","Star of the South","Pterostylis Tenuissima","Terrestrial","Vulnerable","Not seabird","Terrestrial"
"439","Star of the South","Rutidosis Leptorhynchoides","Terrestrial","Endangered","Not seabird","Terrestrial"
"440","Star of the South","Senecio Psilocarpus","Terrestrial","Vulnerable","Not seabird","Terrestrial"
"441","Star of the South","Rostratula Australis","Terrestrial/Freshwater/Marine","Endangered","Seabird","Mixed"
"442","Star of the South","Limosa Lapponica","Terrestrial/Freshwater","Listed","Not seabird","Mixed"
"443","Star of the South","Thalassarche Melanophris","Terrestrial/Marine","Vulnerable","Seabird","Mixed"
"444","Star of the South","Monarcha Melanopsis","Terrestrial","Listed","Not seabird","Terrestrial"
"445","Star of the South","Limosa Limosa","Terrestrial/Freshwater","Listed","Not seabird","Mixed"
"446","Star of the South","Halobaena Caerulea","Terrestrial/Marine","Vulnerable","Seabird","Mixed"
"447","Star of the South","Thalassarche Impavida","Terrestrial/Marine","Vulnerable","Seabird","Mixed"
"448","Star of the South","Actitis Hypoleucos","Terrestrial/Freshwater/Marine","Listed","Seabird","Mixed"
"449","Star of the South","Thalasseus Bergii","Terrestrial/Marine","Listed","Seabird","Mixed"
"450","Star of the South","Calidris Ferruginea","Terrestrial/Freshwater/Marine","Critically Endangered","Seabird","Mixed"
"451","Star of the South","Charadrius Bicinctus","Terrestrial/Freshwater/Marine","Listed","Seabird","Mixed"
"452","Star of the South","Numenius Madagascariensis","Terrestrial/Freshwater/Marine","Critically Endangered","Seabird","Mixed"
"453","Star of the South","Pachyptila Turtur","Terrestrial/Marine","Listed","Seabird","Mixed"
"454","Star of the South","Sternula Nereis","Terrestrial/Marine","Listed","Seabird","Mixed"
"455","Star of the South","Ardenna Carneipes","Marine","Listed","Seabird","Marine"
"456","Star of the South","Pterodroma Leucoptera","Terrestrial/Marine","Listed","Seabird","Mixed"
"457","Star of the South","Calidris Tenuirostris","Terrestrial/Marine","Critically Endangered","Seabird","Mixed"
"458","Star of the South","Charadrius Leschenaultii","Terrestrial/Freshwater/Marine","Vulnerable","Seabird","Mixed"
"459","Star of the South","Pluvialis Squatarola","Terrestrial/Freshwater/Marine","Listed","Seabird","Mixed"
"460","Star of the South","Thalassarche Chrysostoma","Terrestrial/Marine","Endangered","Seabird","Mixed"
"461","Star of the South","Tringa Brevipes","Terrestrial/Freshwater/Marine","Listed","Seabird","Mixed"
"462","Star of the South","Thinornis Cucullatus","Freshwater/Marine","Listed","Seabird","Mixed"
"463","Star of the South","Charadrius Mongolus","Terrestrial/Freshwater/Marine","Endangered","Seabird","Mixed"
"464","Star of the South","Numenius Minutus","Terrestrial/Freshwater","Listed","Not seabird","Mixed"
"465","Star of the South","Diomedea Antipodensis","Terrestrial/Marine","Vulnerable","Seabird","Mixed"
"466","Star of the South","Diomedea Sanfordi","Terrestrial/Marine","Endangered","Seabird","Mixed"
"467","Star of the South","Neophema Chrysogaster","Terrestrial/Freshwater","Critically Endangered","Not seabird","Mixed"
"468","Star of the South","Charadrius Veredus","Terrestrial/Freshwater/Marine","Listed","Seabird","Mixed"
"469","Star of the South","Pandion Haliaetus Cristatus","Terrestrial/Freshwater/Marine","Listed","Seabird","Mixed"
"470","Star of the South","Pluvialis Fulva","Terrestrial/Freshwater/Marine","Listed","Seabird","Mixed"
"471","Star of the South","Grantiella Picta","Terrestrial","Vulnerable","Not seabird","Terrestrial"
"472","Star of the South","Calidris Melanotos","Terrestrial/Freshwater/Marine","Listed","Seabird","Mixed"
"473","Star of the South","Calidris Canutus","Terrestrial/Freshwater/Marine","Endangered","Seabird","Mixed"
"474","Star of the South","Anthochaera Phrygia","Terrestrial","Critically Endangered","Not seabird","Terrestrial"
"475","Star of the South","Arenaria Interpres","Terrestrial/Freshwater/Marine","Listed","Seabird","Mixed"
"476","Star of the South","Philomachus Pugnax","Terrestrial/Freshwater/Marine","Listed","Seabird","Mixed"
"477","Star of the South","Thalassarche Salvini","Terrestrial/Marine","Vulnerable","Seabird","Mixed"
"478","Star of the South","Calidris Alba","Terrestrial/Freshwater/Marine","Listed","Seabird","Mixed"
"479","Star of the South","Ardenna Tenuirostris","Terrestrial/Marine","Listed","Seabird","Mixed"
"480","Star of the South","Ardenna Grisea","Terrestrial/Marine","Listed","Seabird","Mixed"
"481","Star of the South","Xenus Cinereus","Terrestrial/Freshwater/Marine","Listed","Seabird","Mixed"
"482","Star of the South","Numenius Phaeopus","Terrestrial/Freshwater/Marine","Listed","Seabird","Mixed"
"483","Star of the South","Tringa Glareola","Terrestrial/Freshwater","Listed","Not seabird","Mixed"
"484","Star of the South","Motacilla Flava","Terrestrial/Freshwater","Listed","Not seabird","Mixed"
"485","Star of the South","Potorous Tridactylus Trisulcatus","Terrestrial","Vulnerable","Not seabird","Terrestrial"
"486","Star of the South","Litoria Aurea","Terrestrial/Freshwater","Vulnerable","Not seabird","Mixed"
"487","Star of the South","Nannoperca Obscura","Freshwater","Endangered","Not seabird","Freshwater"
"488","Star of the South","Synemon Plana","Terrestrial","Vulnerable","Not seabird","Terrestrial"
"489","Victoria Offshore Windfarm project","Amphibromus Fluitans","Freshwater","Vulnerable","Not seabird","Freshwater"
"490","Victoria Offshore Windfarm project","Caladenia Calcicola","Terrestrial","Vulnerable","Not seabird","Terrestrial"
"491","Victoria Offshore Windfarm project","Caladenia Colorata","Terrestrial","Endangered","Not seabird","Terrestrial"
"492","Victoria Offshore Windfarm project","Caladenia Hastata","Terrestrial","Endangered","Not seabird","Terrestrial"
"493","Victoria Offshore Windfarm project","Caladenia Orientalis","Terrestrial","Endangered","Not seabird","Terrestrial"
"494","Victoria Offshore Windfarm project","Caladenia Ornata","Terrestrial","Vulnerable","Not seabird","Terrestrial"
"495","Victoria Offshore Windfarm project","Cassinia Rugata","Terrestrial","Vulnerable","Not seabird","Terrestrial"
"496","Victoria Offshore Windfarm project","Glycine Latrobeana","Terrestrial","Vulnerable","Not seabird","Terrestrial"
"497","Victoria Offshore Windfarm project","Haloragis Exalata Subsp. Exalata","Terrestrial","Vulnerable","Not seabird","Terrestrial"
"498","Victoria Offshore Windfarm project","Ixodia Achillaeoides Subsp. Arenicola","Terrestrial","Vulnerable","Not seabird","Terrestrial"
"499","Victoria Offshore Windfarm project","Lepidium Hyssopifolium","Terrestrial","Endangered","Not seabird","Terrestrial"
"500","Victoria Offshore Windfarm project","Prasophyllum Frenchii","Terrestrial","Endangered","Not seabird","Terrestrial"
"501","Victoria Offshore Windfarm project","Prasophyllum Litorale","Terrestrial","Critically Endangered","Not seabird","Terrestrial"
"502","Victoria Offshore Windfarm project","Prasophyllum Spicatum","Terrestrial","Vulnerable","Not seabird","Terrestrial"
"503","Victoria Offshore Windfarm project","Pterostylis Chlorogramma","Terrestrial","Vulnerable","Not seabird","Terrestrial"
"504","Victoria Offshore Windfarm project","Pterostylis Cucullata","Terrestrial","Vulnerable","Not seabird","Terrestrial"
"505","Victoria Offshore Windfarm project","Pterostylis Tenuissima","Terrestrial","Vulnerable","Not seabird","Terrestrial"
"506","Victoria Offshore Windfarm project","Senecio Macrocarpus","Terrestrial","Vulnerable","Not seabird","Terrestrial"
"507","Victoria Offshore Windfarm project","Senecio Psilocarpus","Terrestrial","Vulnerable","Not seabird","Terrestrial"
"508","Victoria Offshore Windfarm project","Taraxacum Cygnorum","Terrestrial","Vulnerable","Not seabird","Terrestrial"
"509","Victoria Offshore Windfarm project","Thelymitra Epipactoides","Terrestrial","Endangered","Not seabird","Terrestrial"
"510","Victoria Offshore Windfarm project","Thelymitra Matthewsii","Terrestrial","Vulnerable","Not seabird","Terrestrial"
"511","Victoria Offshore Windfarm project","Xerochrysum Palustre","Terrestrial","Vulnerable","Not seabird","Terrestrial"
"512","Victoria Offshore Windfarm project","Litoria Aurea","Terrestrial/Freshwater","Vulnerable","Not seabird","Mixed"
"513","Victoria Offshore Windfarm project","Litoria Raniformis","Terrestrial/Freshwater","Vulnerable","Not seabird","Mixed"
"514","Victoria Offshore Windfarm project","Diomedea Antipodensis","Terrestrial/Marine","Vulnerable","Seabird","Mixed"
"515","Victoria Offshore Windfarm project","Stercorarius Parasiticus","Terrestrial/Marine","Listed","Seabird","Mixed"
"516","Victoria Offshore Windfarm project","Thalassarche Melanophris","Terrestrial/Marine","Vulnerable","Seabird","Mixed"
"517","Victoria Offshore Windfarm project","Halobaena Caerulea","Terrestrial/Marine","Vulnerable","Seabird","Mixed"
"518","Victoria Offshore Windfarm project","Thalassarche Bulleri","Terrestrial/Marine","Vulnerable","Seabird","Mixed"
"519","Victoria Offshore Windfarm project","Thalassarche Impavida","Terrestrial/Marine","Vulnerable","Seabird","Mixed"
"520","Victoria Offshore Windfarm project","Pachyptila Turtur","Terrestrial/Marine","Listed","Seabird","Mixed"
"521","Victoria Offshore Windfarm project","Ardenna Carneipes","Marine","Listed","Seabird","Marine"
"522","Victoria Offshore Windfarm project","Apus Pacificus","Terrestrial","Listed","Not seabird","Terrestrial"
"523","Victoria Offshore Windfarm project","Pterodroma Leucoptera","Terrestrial/Marine","Listed","Seabird","Mixed"
"524","Victoria Offshore Windfarm project","Procellaria Cinerea","Terrestrial/Marine","Listed","Seabird","Mixed"
"525","Victoria Offshore Windfarm project","Thalassarche Chrysostoma","Terrestrial/Marine","Endangered","Seabird","Mixed"
"526","Victoria Offshore Windfarm project","Thalassarche Carteri","Terrestrial/Marine","Vulnerable","Seabird","Mixed"
"527","Victoria Offshore Windfarm project","Phoebetria Palpebrata","Terrestrial/Marine","Listed","Seabird","Mixed"
"528","Victoria Offshore Windfarm project","Sternula Albifrons","Terrestrial/Freshwater/Marine","Listed","Seabird","Mixed"
"529","Victoria Offshore Windfarm project","Macronectes Halli","Terrestrial/Marine","Vulnerable","Seabird","Mixed"
"530","Victoria Offshore Windfarm project","Diomedea Sanfordi","Terrestrial/Marine","Vulnerable","Seabird","Mixed"
"531","Victoria Offshore Windfarm project","Stercorarius Pomarinus","Terrestrial/Marine","Listed","Seabird","Mixed"
"532","Victoria Offshore Windfarm project","Thalassarche Salvini","Terrestrial/Marine","Vulnerable","Seabird","Mixed"
"533","Victoria Offshore Windfarm project","Ardenna Tenuirostris","Terrestrial/Marine","Listed","Seabird","Mixed"
"534","Victoria Offshore Windfarm project","Thalassarche Cauta","Terrestrial/Marine","Endangered","Seabird","Mixed"
"535","Victoria Offshore Windfarm project","Pterodroma Mollis","Terrestrial/Marine","Vulnerable","Seabird","Mixed"
"536","Victoria Offshore Windfarm project","Phoebetria Fusca","Terrestrial/Marine","Vulnerable","Seabird","Mixed"
"537","Victoria Offshore Windfarm project","Ardenna Grisea","Terrestrial/Marine","Listed","Seabird","Mixed"
"538","Victoria Offshore Windfarm project","Macronectes Giganteus","Terrestrial/Marine","Endangered","Seabird","Mixed"
"539","Victoria Offshore Windfarm project","Diomedea Epomophora","Terrestrial/Marine","Vulnerable","Seabird","Mixed"
"540","Victoria Offshore Windfarm project","Diomedea Exulans","Terrestrial/Marine","Vulnerable","Seabird","Mixed"
"541","Victoria Offshore Windfarm project","Thalassarche Steadi","Terrestrial/Marine","Vulnerable","Seabird","Mixed"
"542","Victoria Offshore Windfarm project","Procellaria Aequinoctialis","Terrestrial/Marine","Listed","Seabird","Mixed"
"543","Victoria Offshore Windfarm project","Pelagodroma Marina","Terrestrial/Marine","Listed","Seabird","Mixed"
"544","Victoria Offshore Windfarm project","Oceanites Oceanicus","Terrestrial/Marine","Listed","Seabird","Mixed"
"545","Victoria Offshore Windfarm project","Monarcha Melanopsis","Terrestrial","Listed","Not seabird","Terrestrial"
"546","Victoria Offshore Windfarm project","Stagonopleura Guttata","Terrestrial","Vulnerable","Not seabird","Terrestrial"
"547","Victoria Offshore Windfarm project","Ardea Alba","Terrestrial/Freshwater/Marine","Listed","Seabird","Mixed"
"548","Victoria Offshore Windfarm project","Falco Hypoleucos","Terrestrial/Freshwater","Vulnerable","Not seabird","Mixed"
"549","Victoria Offshore Windfarm project","Leipoa Ocellata","Terrestrial","Vulnerable","Not seabird","Terrestrial"
"550","Victoria Offshore Windfarm project","Grantiella Picta","Terrestrial","Vulnerable","Not seabird","Terrestrial"
"551","Victoria Offshore Windfarm project","Pedionomus Torquatus","Terrestrial","Critically Endangered","Not seabird","Terrestrial"
"552","Victoria Offshore Windfarm project","Calyptorhynchus Banksii Graptogyne","Terrestrial","Endangered","Not seabird","Terrestrial"
"553","Victoria Offshore Windfarm project","Anthochaera Phrygia","Terrestrial","Critically Endangered","Not seabird","Terrestrial"
"554","Victoria Offshore Windfarm project","Rhipidura Rufifrons","Terrestrial","Listed","Not seabird","Terrestrial"
"555","Victoria Offshore Windfarm project","Myiagra Cyanoleuca","Terrestrial","Listed","Not seabird","Terrestrial"
"556","Victoria Offshore Windfarm project","Lathamus Discolor","Terrestrial","Critically Endangered","Not seabird","Terrestrial"
"557","Victoria Offshore Windfarm project","Hirundapus Caudacutus","Terrestrial","Vulnerable","Not seabird","Terrestrial"
"558","Victoria Offshore Windfarm project","Motacilla Flava","Terrestrial/Freshwater","Listed","Not seabird","Mixed"
"559","Victoria Offshore Windfarm project","Botaurus Poiciloptilus","Freshwater/Marine","Endangered","Seabird","Mixed"
"560","Victoria Offshore Windfarm project","Sternula Nereis Nereis","Terrestrial/Marine","Vulnerable","Seabird","Mixed"
"561","Victoria Offshore Windfarm project","Rostratula Australis","Terrestrial/Freshwater/Marine","Endangered","Seabird","Mixed"
"562","Victoria Offshore Windfarm project","Porzana Pusilla","Terrestrial/Freshwater/Marine","Listed","Seabird","Mixed"
"563","Victoria Offshore Windfarm project","Limosa Lapponica","Terrestrial/Freshwater","Listed","Not seabird","Mixed"
"564","Victoria Offshore Windfarm project","Limosa Limosa","Terrestrial/Freshwater","Listed","Not seabird","Mixed"
"565","Victoria Offshore Windfarm project","Limicola Falcinellus","Terrestrial/Freshwater","Listed","Not seabird","Mixed"
"566","Victoria Offshore Windfarm project","Hydroprogne Caspia","Terrestrial/Freshwater/Marine","Listed","Seabird","Mixed"
"567","Victoria Offshore Windfarm project","Tringa Nebularia","Terrestrial/Freshwater/Marine","Listed","Seabird","Mixed"
"568","Victoria Offshore Windfarm project","Actitis Hypoleucos","Terrestrial/Freshwater/Marine","Listed","Seabird","Mixed"
"569","Victoria Offshore Windfarm project","Sterna Hirundo","Terrestrial/Freshwater/Marine","Listed","Seabird","Mixed"
"570","Victoria Offshore Windfarm project","Calidris Ferruginea","Terrestrial/Freshwater/Marine","Critically Endangered","Seabird","Mixed"
"571","Victoria Offshore Windfarm project","Charadrius Bicinctus","Terrestrial/Freshwater/Marine","Listed","Seabird","Mixed"
"572","Victoria Offshore Windfarm project","Numenius Madagascariensis","Terrestrial/Freshwater/Marine","Critically Endangered","Seabird","Mixed"
"573","Victoria Offshore Windfarm project","Pachyptila Turtur Subantarctica","Terrestrial/Marine","Vulnerable","Seabird","Mixed"
"574","Victoria Offshore Windfarm project","Sternula Nereis","Terrestrial/Marine","Listed","Seabird","Mixed"
"575","Victoria Offshore Windfarm project","Plegadis Falcinellus","Terrestrial/Freshwater/Marine","Listed","Seabird","Mixed"
"576","Victoria Offshore Windfarm project","Calidris Tenuirostris","Terrestrial/Marine","Critically Endangered","Seabird","Mixed"
"577","Victoria Offshore Windfarm project","Charadrius Leschenaultii","Terrestrial/Freshwater/Marine","Vulnerable","Seabird","Mixed"
"578","Victoria Offshore Windfarm project","Pluvialis Squatarola","Terrestrial/Freshwater/Marine","Listed","Seabird","Mixed"
"579","Victoria Offshore Windfarm project","Tringa Brevipes","Terrestrial/Freshwater/Marine","Listed","Seabird","Mixed"
"580","Victoria Offshore Windfarm project","Thinornis Cucullatus","Freshwater/Marine","Listed","Seabird","Mixed"
"581","Victoria Offshore Windfarm project","Gallinago Hardwickii","Terrestrial/Freshwater","Listed","Not seabird","Mixed"
"582","Victoria Offshore Windfarm project","Numenius Minutus","Terrestrial/Freshwater","Listed","Not seabird","Mixed"
"583","Victoria Offshore Windfarm project","Egretta Garzetta","Terrestrial/Freshwater","Listed","Not seabird","Mixed"
"584","Victoria Offshore Windfarm project","Anseranas Semipalmata","Terrestrial/Freshwater","Listed","Not seabird","Mixed"
"585","Victoria Offshore Windfarm project","Tringa Stagnatilis","Terrestrial/Freshwater/Marine","Listed","Seabird","Mixed"
"586","Victoria Offshore Windfarm project","Biziura Lobata","Terrestrial/Freshwater","Listed","Not seabird","Mixed"
"587","Victoria Offshore Windfarm project","Pezoporus Occidentalis","Terrestrial","Endangered","Not seabird","Terrestrial"
"588","Victoria Offshore Windfarm project","Thalassarche Bulleri Platei","Terrestrial/Marine","Vulnerable","Seabird","Mixed"
"589","Victoria Offshore Windfarm project","Neophema Chrysogaster","Terrestrial/Freshwater","Critically Endangered","Not seabird","Mixed"
"590","Victoria Offshore Windfarm project","Charadrius Veredus","Terrestrial/Freshwater/Marine","Listed","Seabird","Mixed"
"591","Victoria Offshore Windfarm project","Pandion Haliaetus","Terrestrial/Freshwater/Marine","Listed","Seabird","Mixed"
"592","Victoria Offshore Windfarm project","Pluvialis Fulva","Terrestrial/Freshwater/Marine","Listed","Seabird","Mixed"
"593","Victoria Offshore Windfarm project","Calidris Melanotos","Terrestrial/Freshwater/Marine","Listed","Seabird","Mixed"
"594","Victoria Offshore Windfarm project","Gallinago Stenura","Terrestrial/Freshwater","Listed","Not seabird","Mixed"
"595","Victoria Offshore Windfarm project","Calidris Canutus","Terrestrial/Freshwater/Marine","Endangered","Seabird","Mixed"
"596","Victoria Offshore Windfarm project","Calidris Ruficollis","Terrestrial/Marine","Listed","Seabird","Mixed"
"597","Victoria Offshore Windfarm project","Arenaria Interpres","Terrestrial/Freshwater/Marine","Listed","Seabird","Mixed"
"598","Victoria Offshore Windfarm project","Calidris Alba","Terrestrial/Freshwater/Marine","Listed","Seabird","Mixed"
"599","Victoria Offshore Windfarm project","Calidris Acuminata","Terrestrial/Freshwater/Marine","Listed","Seabird","Mixed"
"600","Victoria Offshore Windfarm project","Gallinago Megala","Terrestrial/Freshwater","Listed","Not seabird","Mixed"
"601","Victoria Offshore Windfarm project","Xenus Cinereus","Terrestrial/Freshwater/Marine","Listed","Seabird","Mixed"
"602","Victoria Offshore Windfarm project","Numenius Phaeopus","Terrestrial/Freshwater/Marine","Listed","Seabird","Mixed"
"603","Victoria Offshore Windfarm project","Haliaeetus Leucogaster","Terrestrial/Freshwater/Marine","Listed","Seabird","Mixed"
"604","Victoria Offshore Windfarm project","Tringa Glareola","Terrestrial/Freshwater","Listed","Not seabird","Mixed"
"605","Victoria Offshore Windfarm project","Prototroctes Maraena","Freshwater/Marine","Vulnerable","Not seabird","Mixed"
"606","Victoria Offshore Windfarm project","Galaxiella Pusilla","Freshwater","Endangered","Not seabird","Freshwater"
"607","Victoria Offshore Windfarm project","Nannoperca Variegata","Freshwater","Vulnerable","Not seabird","Freshwater"
"608","Victoria Offshore Windfarm project","Nannoperca Obscura","Freshwater","Endangered","Not seabird","Freshwater"
"609","Victoria Offshore Windfarm project","Lamna Nasus","Marine","Listed","Not seabird","Marine"
"610","Victoria Offshore Windfarm project","Isurus Oxyrinchus","Marine","Listed","Not seabird","Marine"
"611","Victoria Offshore Windfarm project","Carcharodon Carcharias","Marine","Vulnerable","Not seabird","Marine"
"612","Victoria Offshore Windfarm project","Euastacus Bispinosus","Freshwater","Endangered","Not seabird","Freshwater"
"613","Victoria Offshore Windfarm project","Neophoca Cinerea","Terrestrial/Marine","Endangered","Not seabird","Mixed"
"614","Victoria Offshore Windfarm project","Balaenoptera Musculus","Marine","Endangered","Not seabird","Marine"
"615","Victoria Offshore Windfarm project","Balaenoptera Edeni","Marine","Listed","Not seabird","Marine"
"616","Victoria Offshore Windfarm project","Lagenorhynchus Obscurus","Marine","Listed","Not seabird","Marine"
"617","Victoria Offshore Windfarm project","Balaenoptera Physalus","Marine","Vulnerable","Not seabird","Marine"
"618","Victoria Offshore Windfarm project","Megaptera Novaeangliae","Marine","Listed","Not seabird","Marine"
"619","Victoria Offshore Windfarm project","Orcinus Orca","Marine","Listed","Not seabird","Marine"
"620","Victoria Offshore Windfarm project","Arctocephalus Forsteri","Marine","Listed","Not seabird","Marine"
"621","Victoria Offshore Windfarm project","Caperea Marginata","Marine","Listed","Not seabird","Marine"
"622","Victoria Offshore Windfarm project","Balaenoptera Borealis","Marine","Vulnerable","Not seabird","Marine"
"623","Victoria Offshore Windfarm project","Mirounga Leonina","Terrestrial/Marine","Vulnerable","Not seabird","Mixed"
"624","Victoria Offshore Windfarm project","Eubalaena Australis","Marine","Endangered","Not seabird","Marine"
"625","Victoria Offshore Windfarm project","Physeter Macrocephalus","Marine","Listed","Not seabird","Marine"
"626","Victoria Offshore Windfarm project","Arctocephalus Tropicalis","Marine","Endangered","Not seabird","Marine"
"627","Victoria Offshore Windfarm project","Pteropus Poliocephalus","Terrestrial","Vulnerable","Not seabird","Terrestrial"
"628","Victoria Offshore Windfarm project","Pseudomys Shortridgei","Terrestrial","Endangered","Not seabird","Terrestrial"
"629","Victoria Offshore Windfarm project","Potorous Tridactylus Trisulcatus","Terrestrial","Vulnerable","Not seabird","Terrestrial"
"630","Victoria Offshore Windfarm project","Pseudomys Fumeus","Terrestrial","Endangered","Not seabird","Terrestrial"
"631","Victoria Offshore Windfarm project","Miniopterus Orianae Bassanii","Terrestrial","Critically Endangered","Not seabird","Terrestrial"
"632","Victoria Offshore Windfarm project","Isoodon Obesulus Obesulus","Terrestrial","Endangered","Not seabird","Terrestrial"
"633","Victoria Offshore Windfarm project","Antechinus Minimus Maritimus","Terrestrial","Vulnerable","Not seabird","Terrestrial"
"634","Victoria Offshore Windfarm project","Chelonia Mydas","Terrestrial/Marine","Vulnerable","Not seabird","Mixed"
"635","Victoria Offshore Windfarm project","Dermochelys Coriacea","Terrestrial/Marine","Endangered","Not seabird","Mixed"
"636","Victoria Offshore Windfarm project","Caretta Caretta","Terrestrial/Marine","Endangered","Not seabird","Mixed"
"637","Victoria Offshore Windfarm project","Delma Impar","Terrestrial","Vulnerable","Not seabird","Terrestrial"
"638","Cumulative","Gallinago Stenura","Terrestrial/Freshwater","Listed","Not seabird","Mixed"
"639","Cumulative","Gallinago Megala","Terrestrial/Freshwater","Listed","Not seabird","Mixed"
"640","Cumulative","Gallinago Hardwickii","Terrestrial/Freshwater","Listed","Not seabird","Mixed"
"641","Cumulative","Plegadis Falcinellus","Terrestrial/Freshwater/Marine","Listed","Seabird","Mixed"
"642","Cumulative","Pandion Haliaetus Cristatus","Terrestrial/Freshwater/Marine","Listed","Seabird","Mixed"
"643","Cumulative","Apus Pacificus","Terrestrial","Listed","Not seabird","Terrestrial"
"644","Cumulative","Pandion Haliaetus","Terrestrial/Freshwater/Marine","Listed","Seabird","Mixed"
"645","Cumulative","Ardenna Grisea","Terrestrial/Marine","Listed","Seabird","Mixed"
"646","Cumulative","Ardenna Tenuirostris","Terrestrial/Marine","Listed","Seabird","Mixed"
"647","Cumulative","Ardenna Carneipes","Marine","Listed","Seabird","Marine"
"648","Cumulative","Sterna Hirundo","Terrestrial/Freshwater/Marine","Listed","Seabird","Mixed"
"649","Cumulative","Diomedea Sanfordi","Terrestrial/Marine","Vulnerable","Seabird","Mixed"
"650","Cumulative","Diomedea Antipodensis","Terrestrial/Marine","Vulnerable","Seabird","Mixed"
"651","Cumulative","Thalassarche Salvini","Terrestrial/Marine","Vulnerable","Seabird","Mixed"
"652","Cumulative","Thalassarche Steadi","Terrestrial/Marine","Vulnerable","Seabird","Mixed"
"653","Cumulative","Thalassarche Impavida","Terrestrial/Marine","Vulnerable","Seabird","Mixed"
"654","Cumulative","Philomachus Pugnax","Terrestrial/Freshwater/Marine","Listed","Seabird","Mixed"
"655","Cumulative","Chlidonias Leucopterus","Terrestrial/Freshwater/Marine","Listed","Seabird","Mixed"
"656","Cumulative","Thalasseus Bergii","Terrestrial/Marine","Listed","Seabird","Mixed"
"657","Cumulative","Charadrius Bicinctus","Terrestrial/Freshwater/Marine","Listed","Seabird","Mixed"
"658","Cumulative","Charadrius Veredus","Terrestrial/Freshwater/Marine","Listed","Seabird","Mixed"
"659","Cumulative","Numenius Minutus","Terrestrial/Freshwater","Listed","Not seabird","Mixed"
"660","Cumulative","Calidris Ruficollis","Terrestrial/Marine","Listed","Seabird","Mixed"
"661","Cumulative","Calidris Acuminata","Terrestrial/Freshwater/Marine","Listed","Seabird","Mixed"
"662","Cumulative","Calidris Alba","Terrestrial/Freshwater/Marine","Listed","Seabird","Mixed"
"663","Cumulative","Calidris Melanotos","Terrestrial/Freshwater/Marine","Listed","Seabird","Mixed"
"664","Cumulative","Motacilla Flava","Terrestrial/Freshwater","Listed","Not seabird","Mixed"
"665","Cumulative","Rhipidura Rufifrons","Terrestrial","Listed","Not seabird","Terrestrial"
"666","Cumulative","Myiagra Cyanoleuca","Terrestrial","Listed","Not seabird","Terrestrial"
"667","Cumulative","Monarcha Melanopsis","Terrestrial","Listed","Not seabird","Terrestrial"
"668","Cumulative","Arctocephalus Forsteri","Marine","Listed","Not seabird","Marine"
"669","Cumulative","Balaenoptera Borealis","Marine","Vulnerable","Not seabird","Marine"
"670","Cumulative","Balaenoptera Musculus","Marine","Endangered","Not seabird","Marine"
"671","Cumulative","Balaenoptera Physalus","Marine","Vulnerable","Not seabird","Marine"
"672","Cumulative","Caperea Marginata","Marine","Listed","Not seabird","Marine"
"673","Cumulative","Eubalaena Australis","Marine","Endangered","Not seabird","Marine"
"674","Cumulative","Megaptera Novaeangliae","Marine","Listed","Not seabird","Marine"
"675","Cumulative","Orcinus Orca","Marine","Listed","Not seabird","Marine"
"676","Cumulative","Lagenorhynchus Obscurus","Marine","Listed","Not seabird","Marine"
"677","Cumulative","Caretta Caretta","Terrestrial/Marine","Endangered","Not seabird","Mixed"
"678","Cumulative","Chelonia Mydas","Terrestrial/Marine","Vulnerable","Not seabird","Mixed"
"679","Cumulative","Dermochelys Coriacea","Terrestrial/Marine","Endangered","Not seabird","Mixed"
"680","Cumulative","Isurus Oxyrinchus","Marine","Listed","Not seabird","Marine"
"681","Cumulative","Prototroctes Maraena","Freshwater/Marine","Vulnerable","Not seabird","Mixed"
"682","Cumulative","Carcharodon Carcharias","Marine","Vulnerable","Not seabird","Marine"
"683","Cumulative","Lamna Nasus","Marine","Listed","Not seabird","Marine"
"684","Cumulative","Galaxiella Pusilla","Freshwater","Endangered","Not seabird","Freshwater"
"685","Cumulative","Galeorhinus Galeus","Marine","Conservation Dependent","Not seabird","Marine"
"686","Cumulative","Rhincodon Typus","Marine","Vulnerable","Not seabird","Marine"
"687","Cumulative","Seriolella Brama","Marine","Conservation Dependent","Not seabird","Marine"
"688","Cumulative","Thunnus Maccoyii","Marine","Conservation Dependent","Not seabird","Marine"
"689","Cumulative","Pachyptila Turtur Subantarctica","Terrestrial/Marine","Vulnerable","Seabird","Mixed"
"690","Cumulative","Pterodroma Leucoptera Leucoptera","Terrestrial/Marine","Endangered","Seabird","Mixed"
"691","Cumulative","Halobaena Caerulea","Terrestrial/Marine","Vulnerable","Seabird","Mixed"
"692","Cumulative","Diomedea Exulans","Terrestrial/Marine","Vulnerable","Seabird","Mixed"
"693","Cumulative","Thalassarche Melanophris","Terrestrial/Marine","Vulnerable","Seabird","Mixed"
"694","Cumulative","Thalassarche Carteri","Terrestrial/Marine","Vulnerable","Seabird","Mixed"
"695","Cumulative","Thalassarche Chrysostoma","Terrestrial/Marine","Endangered","Seabird","Mixed"
"696","Cumulative","Thalassarche Cauta","Terrestrial/Marine","Endangered","Seabird","Mixed"
"697","Cumulative","Phoebetria Fusca","Terrestrial/Marine","Vulnerable","Seabird","Mixed"
"698","Cumulative","Macronectes Giganteus","Terrestrial/Marine","Endangered","Seabird","Mixed"
"699","Cumulative","Thalassarche Bulleri","Terrestrial/Marine","Vulnerable","Seabird","Mixed"
"700","Cumulative","Macronectes Halli","Terrestrial/Marine","Vulnerable","Seabird","Mixed"
"701","Cumulative","Diomedea Epomophora","Terrestrial/Marine","Vulnerable","Seabird","Mixed"
"702","Cumulative","Phoebetria Palpebrata","Terrestrial/Marine","Listed","Seabird","Mixed"
"703","Cumulative","Petauroides Volans","Terrestrial","Endangered","Not seabird","Terrestrial"
"704","Cumulative","Pseudomys Novaehollandiae","Terrestrial","Vulnerable","Not seabird","Terrestrial"
"705","Cumulative","Isoodon Obesulus Obesulus","Terrestrial","Endangered","Not seabird","Terrestrial"
"706","Cumulative","Pteropus Poliocephalus","Terrestrial","Vulnerable","Not seabird","Terrestrial"
"707","Cumulative","Litoria Aurea","Terrestrial/Freshwater","Vulnerable","Not seabird","Mixed"
"708","Cumulative","Litoria Raniformis","Terrestrial/Freshwater","Vulnerable","Not seabird","Mixed"
"709","Cumulative","Macquaria Australasica","Freshwater","Endangered","Not seabird","Freshwater"
"710","Cumulative","Lissolepis Coventryi","Terrestrial/Freshwater","Endangered","Not seabird","Mixed"
"711","Cumulative","Uperoleia Martini","Terrestrial/Freshwater","Endangered","Not seabird","Mixed"
"712","Cumulative","Callocephalon Fimbriatum","Terrestrial","Endangered","Not seabird","Terrestrial"
"713","Cumulative","Neophema Chrysogaster","Terrestrial/Freshwater","Critically Endangered","Not seabird","Mixed"
"714","Cumulative","Lathamus Discolor","Terrestrial","Critically Endangered","Not seabird","Terrestrial"
"715","Cumulative","Hirundapus Caudacutus","Terrestrial","Vulnerable","Not seabird","Terrestrial"
"716","Cumulative","Pycnoptilus Floccosus","Terrestrial","Vulnerable","Not seabird","Terrestrial"
"717","Cumulative","Grantiella Picta","Terrestrial","Vulnerable","Not seabird","Terrestrial"
"718","Cumulative","Haliaeetus Leucogaster","Terrestrial/Freshwater/Marine","Listed","Seabird","Mixed"
"719","Cumulative","Stagonopleura Guttata","Terrestrial","Vulnerable","Not seabird","Terrestrial"
"720","Cumulative","Rostratula Australis","Terrestrial/Freshwater/Marine","Endangered","Seabird","Mixed"
"721","Cumulative","Botaurus Poiciloptilus","Freshwater/Marine","Endangered","Seabird","Mixed"
"722","Cumulative","Sternula Nereis Nereis","Terrestrial/Marine","Vulnerable","Seabird","Mixed"
"723","Cumulative","Limosa Lapponica Baueri","Terrestrial/Freshwater","Vulnerable","Not seabird","Mixed"
"724","Cumulative","Thinornis Cucullatus","Freshwater/Marine","Listed","Seabird","Mixed"
"725","Cumulative","Charadrius Mongolus","Terrestrial/Freshwater/Marine","Endangered","Seabird","Mixed"
"726","Cumulative","Charadrius Leschenaultii","Terrestrial/Freshwater/Marine","Vulnerable","Seabird","Mixed"
"727","Cumulative","Numenius Madagascariensis","Terrestrial/Freshwater/Marine","Critically Endangered","Seabird","Mixed"
"728","Cumulative","Calidris Ferruginea","Terrestrial/Freshwater/Marine","Critically Endangered","Seabird","Mixed"
"729","Cumulative","Calidris Canutus","Terrestrial/Freshwater/Marine","Endangered","Seabird","Mixed"
"730","Cumulative","Calidris Tenuirostris","Terrestrial/Marine","Critically Endangered","Seabird","Mixed"
"731","Cumulative","Egretta Garzetta","Terrestrial/Freshwater","Listed","Not seabird","Mixed"
"732","Cumulative","Anseranas Semipalmata","Terrestrial/Freshwater","Listed","Not seabird","Mixed"
"733","Cumulative","Biziura Lobata","Terrestrial/Freshwater","Listed","Not seabird","Mixed"
"734","Cumulative","Hydroprogne Caspia","Terrestrial/Freshwater/Marine","Listed","Seabird","Mixed"
"735","Cumulative","Sternula Albifrons","Terrestrial/Freshwater/Marine","Listed","Seabird","Mixed"
"736","Cumulative","Arenaria Interpres","Terrestrial/Freshwater/Marine","Listed","Seabird","Mixed"
"737","Cumulative","Pluvialis Squatarola","Terrestrial/Freshwater/Marine","Listed","Seabird","Mixed"
"738","Cumulative","Pluvialis Fulva","Terrestrial/Freshwater/Marine","Listed","Seabird","Mixed"
"739","Cumulative","Numenius Phaeopus","Terrestrial/Freshwater/Marine","Listed","Seabird","Mixed"
"740","Cumulative","Tringa Glareola","Terrestrial/Freshwater","Listed","Not seabird","Mixed"
"741","Cumulative","Tringa Brevipes","Terrestrial/Freshwater/Marine","Listed","Seabird","Mixed"
"742","Cumulative","Actitis Hypoleucos","Terrestrial/Freshwater/Marine","Listed","Seabird","Mixed"
"743","Cumulative","Tringa Nebularia","Terrestrial/Freshwater/Marine","Listed","Seabird","Mixed"
"744","Cumulative","Tringa Stagnatilis","Terrestrial/Freshwater/Marine","Listed","Seabird","Mixed"
"745","Cumulative","Xenus Cinereus","Terrestrial/Freshwater/Marine","Listed","Seabird","Mixed"
"746","Cumulative","Limosa Limosa","Terrestrial/Freshwater","Listed","Not seabird","Mixed"
"747","Cumulative","Amphibromus Fluitans","Freshwater","Vulnerable","Not seabird","Freshwater"
"748","Cumulative","Caladenia Orientalis","Terrestrial","Endangered","Not seabird","Terrestrial"
"749","Cumulative","Caladenia Tessellata","Terrestrial","Vulnerable","Not seabird","Terrestrial"
"750","Cumulative","Commersonia Prostrata","Terrestrial","Endangered","Not seabird","Terrestrial"
"751","Cumulative","Dianella Amoena","Terrestrial","Endangered","Not seabird","Terrestrial"
"752","Cumulative","Dodonaea Procumbens","Terrestrial","Vulnerable","Not seabird","Terrestrial"
"753","Cumulative","Eucalyptus Strzeleckii","Terrestrial","Vulnerable","Not seabird","Terrestrial"
"754","Cumulative","Prasophyllum Frenchii","Terrestrial","Endangered","Not seabird","Terrestrial"
"755","Cumulative","Prasophyllum Spicatum","Terrestrial","Vulnerable","Not seabird","Terrestrial"
"756","Cumulative","Prostanthera Galbraithiae","Terrestrial","Vulnerable","Not seabird","Terrestrial"
"757","Cumulative","Pterostylis Chlorogramma","Terrestrial","Vulnerable","Not seabird","Terrestrial"
"758","Cumulative","Senecio Psilocarpus","Terrestrial","Vulnerable","Not seabird","Terrestrial"
"759","Cumulative","Thelymitra Epipactoides","Terrestrial","Endangered","Not seabird","Terrestrial"
"760","Cumulative","Thelymitra Matthewsii","Terrestrial","Vulnerable","Not seabird","Terrestrial"
"761","Cumulative","Xerochrysum Palustre","Terrestrial","Vulnerable","Not seabird","Terrestrial"
"762","Cumulative","Caladenia Calcicola","Terrestrial","Vulnerable","Not seabird","Terrestrial"
"763","Cumulative","Caladenia Colorata","Terrestrial","Endangered","Not seabird","Terrestrial"
"764","Cumulative","Caladenia Hastata","Terrestrial","Endangered","Not seabird","Terrestrial"
"765","Cumulative","Caladenia Ornata","Terrestrial","Vulnerable","Not seabird","Terrestrial"
"766","Cumulative","Cassinia Rugata","Terrestrial","Vulnerable","Not seabird","Terrestrial"
"767","Cumulative","Glycine Latrobeana","Terrestrial","Vulnerable","Not seabird","Terrestrial"
"768","Cumulative","Ixodia Achillaeoides Subsp. Arenicola","Terrestrial","Vulnerable","Not seabird","Terrestrial"
"769","Cumulative","Pterostylis Cucullata Subsp. Cucullata","Terrestrial","Vulnerable","Not seabird","Terrestrial"
"770","Cumulative","Pterostylis Tenuissima","Terrestrial","Vulnerable","Not seabird","Terrestrial"
"771","Cumulative","Taraxacum Cygnorum","Terrestrial","Vulnerable","Not seabird","Terrestrial"
"772","Cumulative","Prasophyllum Litorale","Terrestrial","Critically Endangered","Not seabird","Terrestrial"
"773","Cumulative","Calyptorhynchus Banksii Graptogyne","Terrestrial","Endangered","Not seabird","Terrestrial"
"774","Cumulative","Dasyurus Maculatus Maculatus (Se Mainland Population)","Terrestrial","Endangered","Not seabird","Terrestrial"
"775","Cumulative","Antechinus Minimus Maritimus","Terrestrial","Vulnerable","Not seabird","Terrestrial"
"776","Cumulative","Potorous Tridactylus Trisulcatus","Terrestrial","Vulnerable","Not seabird","Terrestrial"
"777","Cumulative","Pseudomys Shortridgei","Terrestrial","Endangered","Not seabird","Terrestrial"
"778","Cumulative","Miniopterus Orianae Bassanii","Terrestrial","Critically Endangered","Not seabird","Terrestrial"
"779","Cumulative","Nannoperca Obscura","Freshwater","Endangered","Not seabird","Freshwater"
"780","Cumulative","Nannoperca Variegata","Freshwater","Vulnerable","Not seabird","Freshwater"
"781","Cumulative","Euastacus Bispinosus","Freshwater","Endangered","Not seabird","Freshwater"
"782","Cumulative","Pterodroma Mollis","Terrestrial/Marine","Vulnerable","Seabird","Mixed"
"783","Cumulative","Pterodroma Leucoptera","Terrestrial/Marine","Listed","Seabird","Mixed"
"784","Cumulative","Pelagodroma Marina","Terrestrial/Marine","Listed","Seabird","Mixed"
"785","Cumulative","Arctocephalus Pusillus","Marine","Listed","Not seabird","Marine"
"786","Cumulative","Neophoca Cinerea","Terrestrial/Marine","Endangered","Not seabird","Mixed"
"787","Cumulative","Physeter Macrocephalus","Marine","Listed","Not seabird","Marine"
"788","Cumulative","Heraldia Nocturna","Marine","Listed","Not seabird","Marine"
"789","Cumulative","Hippocampus Abdominalis","Marine","Listed","Not seabird","Marine"
"790","Cumulative","Hippocampus Breviceps","Marine","Listed","Not seabird","Marine"
"791","Cumulative","Histiogamphelus Briggsii","Marine","Listed","Not seabird","Marine"
"792","Cumulative","Histiogamphelus Cristatus","Marine","Listed","Not seabird","Marine"
"793","Cumulative","Kaupus Costatus","Marine","Listed","Not seabird","Marine"
"794","Cumulative","Leptoichthys Fistularius","Marine","Listed","Not seabird","Marine"
"795","Cumulative","Lissocampus Caudalis","Marine","Listed","Not seabird","Marine"
"796","Cumulative","Lissocampus Runa","Marine","Listed","Not seabird","Marine"
"797","Cumulative","Maroubra Perserrata","Marine","Listed","Not seabird","Marine"
"798","Cumulative","Mitotichthys Tuckeri","Marine","Listed","Not seabird","Marine"
"799","Cumulative","Notiocampus Ruber","Marine","Listed","Not seabird","Marine"
"800","Cumulative","Phycodurus Eques","Marine","Listed","Not seabird","Marine"
"801","Cumulative","Phyllopteryx Taeniolatus","Marine","Listed","Not seabird","Marine"
"802","Cumulative","Pugnaso Curtirostris","Marine","Listed","Not seabird","Marine"
"803","Cumulative","Solegnathus Robustus","Marine","Listed","Not seabird","Marine"
"804","Cumulative","Solegnathus Spinosissimus","Marine","Listed","Not seabird","Marine"
"805","Cumulative","Stigmatopora Argus","Marine","Listed","Not seabird","Marine"
"806","Cumulative","Stigmatopora Nigra","Marine","Listed","Not seabird","Marine"
"807","Cumulative","Stipecampus Cristatus","Marine","Listed","Not seabird","Marine"
"808","Cumulative","Urocampus Carinirostris","Marine","Listed","Not seabird","Marine"
"809","Cumulative","Vanacampus Margaritifer","Marine","Listed","Not seabird","Marine"
"810","Cumulative","Vanacampus Phillipi","Marine","Listed","Not seabird","Marine"
"811","Cumulative","Vanacampus Poecilolaemus","Marine","Listed","Not seabird","Marine"
"812","Cumulative","Limicola Falcinellus","Terrestrial/Freshwater","Listed","Not seabird","Mixed"
"813","Cumulative","Oceanites Oceanicus","Terrestrial/Marine","Listed","Seabird","Mixed"
"814","Cumulative","Procellaria Cinerea","Terrestrial/Marine","Listed","Seabird","Mixed"
"815","Cumulative","Stercorarius Parasiticus","Terrestrial/Marine","Listed","Seabird","Mixed"
"816","Cumulative","Bulweria Bulwerii","Marine","Listed","Seabird","Marine"
"817","Cumulative","Procellaria Aequinoctialis","Terrestrial/Marine","Listed","Seabird","Mixed"
"818","Cumulative","Thalassarche Eremita","Terrestrial/Marine","Endangered","Seabird","Mixed"
"819","Cumulative","Thalassarche Bulleri Platei","Terrestrial/Marine","Vulnerable","Seabird","Mixed"
"820","Cumulative","Fregetta Grallaria Grallaria","Terrestrial/Marine","Vulnerable","Seabird","Mixed"
"821","Cumulative","Diomedea Antipodensis Gibsoni","Terrestrial/Marine","Vulnerable","Seabird","Mixed"
"822","Cumulative","Falco Hypoleucos","Terrestrial/Freshwater","Vulnerable","Not seabird","Mixed"
"823","Cumulative","Sternula Nereis","Terrestrial/Marine","Listed","Seabird","Mixed"
"824","Cumulative","Limosa Lapponica","Terrestrial/Freshwater","Listed","","Mixed"
"825","Cumulative","Anthochaera Phrygia","Terrestrial","Critically Endangered","Not seabird","Terrestrial"
"826","Cumulative","Potorous Longipes","Terrestrial","Endangered","Not seabird","Terrestrial"
"827","Cumulative","Mastacomys Fuscus Mordicus","Terrestrial","Endangered","Not seabird","Terrestrial"
"828","Cumulative","Heleioporus Australiacus","Terrestrial/Freshwater","Vulnerable","Not seabird","Mixed"
"829","Cumulative","Mirounga Leonina","Terrestrial/Marine","Vulnerable","Not seabird","Mixed"
"830","Cumulative","Arctocephalus Tropicalis","Marine","Endangered","Not seabird","Marine"
"831","Cumulative","Lepidium Hyssopifolium","Terrestrial","Endangered","Not seabird","Terrestrial"
"832","Cumulative","Thinornis Cucullatus Cucullatus","Freshwater/Marine","Vulnerable","Seabird","Mixed"
"833","Cumulative","Porzana Pusilla","Terrestrial/Freshwater/Marine","Listed","Seabird","Mixed"
"834","Cumulative","Gelochelidon Nilotica","Terrestrial/Freshwater/Marine","Listed","Seabird","Mixed"
"835","Cumulative","Ardea Intermedia","Terrestrial/Freshwater/Marine","Listed","Seabird","Mixed"
"836","Cumulative","Argyrotegium Nitidulum","Terrestrial","Vulnerable","Not seabird","Terrestrial"
"837","Cumulative","Eucalyptus Alligatrix Subsp. Limaensis","Terrestrial","Endangered","Not seabird","Terrestrial"
"838","Cumulative","Grevillea Celata","Terrestrial","Vulnerable","Not seabird","Terrestrial"
"839","Cumulative","Grevillea Infecunda","Terrestrial","Vulnerable","Not seabird","Terrestrial"
"840","Cumulative","Hibbertia Humifusa Subsp. Debilis","Terrestrial","Vulnerable","Not seabird","Terrestrial"
"841","Cumulative","Leucochrysum Albicans Subsp. Tricolor","Terrestrial","Endangered","Not seabird","Terrestrial"
"842","Cumulative","Pimelea Spinescens Subsp. Pubiflora","Terrestrial","Critically Endangered","Not seabird","Terrestrial"
"843","Cumulative","Pimelea Spinescens Subsp. Spinescens","Terrestrial","Critically Endangered","Not seabird","Terrestrial"
"844","Cumulative","Pterostylis Cucullata","Terrestrial","Vulnerable","Not seabird","Terrestrial"
"845","Cumulative","Rutidosis Leptorhynchoides","Terrestrial","Endangered","Not seabird","Terrestrial"
"846","Cumulative","Pachyptila Turtur","Terrestrial/Marine","Listed","Seabird","Mixed"
"847","Cumulative","Synemon Plana","Terrestrial","Vulnerable","Not seabird","Terrestrial"
"848","Cumulative","Haloragis Exalata Subsp. Exalata","Terrestrial","Vulnerable","Not seabird","Terrestrial"
"849","Cumulative","Senecio Macrocarpus","Terrestrial","Vulnerable","Not seabird","Terrestrial"
"850","Cumulative","Stercorarius Pomarinus","Terrestrial/Marine","Listed","Seabird","Mixed"
"851","Cumulative","Ardea Alba","Terrestrial/Freshwater/Marine","Listed","Seabird","Mixed"
"852","Cumulative","Leipoa Ocellata","Terrestrial","Vulnerable","Not seabird","Terrestrial"
"853","Cumulative","Pedionomus Torquatus","Terrestrial","Critically Endangered","Not seabird","Terrestrial"
"854","Cumulative","Pezoporus Occidentalis","Terrestrial","Endangered","Not seabird","Terrestrial"
"855","Cumulative","Balaenoptera Edeni","Marine","Listed","Not seabird","Marine"
"856","Cumulative","Pseudomys Fumeus","Terrestrial","Endangered","Not seabird","Terrestrial"
"857","Cumulative","Delma Impar","Terrestrial","Vulnerable","Not seabird","Terrestrial"
